"Quadrat_Notes_ID","Event_ID","A2","A5","A8","AA","B2","B5","B8","BB","C2","C5","C8","CC","UC","UL","ML","BL","BC","BR","MR","UR","UP3","UP7","UP11","BR3","BR7","BR11","BL3","BL7","BL11"
"00BE9D7E-FFCC-4BB3-AACC-ACF3ED1EB970","D12DB26D-E4E2-4D97-A8C8-195D5CBFE206",NA,NA,NA,NA,NA,NA,"100% of stream in quad. 18cm deep0",NA,NA,"25% water cover",NA,"45% underwater",NA,NA,NA,NA,NA,NA,NA,NA,NA,NA,NA,NA,NA,NA,NA,NA,NA
"00F4FC5B-0200-4AD3-B24C-1E8A7167FCCF","EA844A3C-9375-4083-9C93-95AD98FA8FEF","in old road bed","in old road bed","in old road bed",NA,NA,NA,NA,NA,"in old road bed","in old road bed",NA,NA,NA,NA,NA,NA,NA,NA,NA,NA,NA,NA,NA,NA,NA,NA,NA,NA,NA
"02274F17-6D6D-41EE-AAFD-5B4238DD9E46","AB7DC551-B3D9-43FE-84AD-F8642922B8B3",NA,NA,NA,"Fabaceae = Honey or Black Locust",NA,NA,NA,"Fabaceae= Honey or Black Locust","Unknown Shrub: <1",NA,NA,NA,NA,NA,NA,NA,NA,NA,NA,NA,NA,NA,NA,NA,NA,NA,NA,NA,NA
"027BF153-C484-4503-B5E8-691A0F49B922","E6E1324A-F5EA-4ABE-81B0-DF578B71BEB0",NA,NA,NA,NA,NA,NA,NA,NA,NA,NA,NA,NA,NA,NA,NA,NA,NA,NA,NA,NA,NA,NA,NA,NA,NA,NA,NA,NA,NA
"02D56248-CFBE-43F7-8D42-7E2BA6172AFF","65116A6C-F6C1-4E2A-8E4A-F5724FE15F7A",NA,NA,NA,NA,NA,NA,NA,NA,NA,NA,NA,NA,NA,NA,NA,NA,NA,NA,NA,NA,NA,NA,NA,NA,NA,NA,NA,NA,NA
"02DD0D38-F394-405F-8D24-E6BB15D0D48A","B4019FEF-1D2B-4538-87CE-4D28C1C6A3E5",NA,NA,NA,NA,NA,NA,NA,NA,NA,NA,NA,NA,NA,NA,NA,NA,NA,NA,NA,NA,NA,NA,NA,NA,NA,NA,NA,NA,NA
"03D6CD75-B0A8-4528-B02F-1283776AE3B1","4D053A06-9B03-43D3-A084-FBBF9B7A0EAF",NA,NA,NA,"Toxicodendron vernix  (Poison sumac) found.",NA,NA,"Toxicodendron vernix (Poison Sumac) and Whisk Fern found.",NA,NA,NA,NA,NA,NA,NA,NA,NA,NA,NA,NA,NA,NA,NA,NA,NA,NA,NA,NA,NA,NA
"057AF703-133B-4378-8135-5C6221161570","826E7B0D-FC66-48BD-A7A1-7C0DACF1B5CE",NA,NA,NA,NA,NA,NA,NA,NA,"Turtle in quad!",NA,NA,NA,NA,NA,NA,NA,NA,NA,NA,NA,NA,NA,NA,NA,NA,NA,NA,NA,NA
"058F90BE-D663-4245-8D04-5F7479CE41E0","B70B8178-D636-4420-AF99-4E8CEA7EEF7F",NA,NA,NA,NA,NA,NA,NA,NA,NA,NA,NA,NA,NA,NA,NA,NA,NA,NA,NA,NA,NA,NA,NA,NA,NA,NA,NA,NA,NA
"06C75239-239D-4754-B479-8483C8190E0C","982E1ECF-618F-41A5-A4A3-3BC7548F09E7",NA,NA,NA,NA,NA,"in drainage stream bed. Dry at time of sampling (2013).",NA,"partially in dry stream bed",NA,NA,NA,NA,NA,NA,NA,NA,NA,NA,NA,NA,NA,NA,NA,NA,NA,NA,NA,NA,NA
"07CF021C-7C3F-4D2B-81F3-796540F59523","BB2C236A-1A0B-47C2-8050-B1C52F1833B0","measured at 1 meter distance","measured at 2 m distance","measured at 3 m.",NA,"measured at 2 meter distance","measured at 3 m","measured at 4 m",NA,"measured at 2 meter distance","measured at 3 m","measured at 4 m",NA,NA,NA,NA,NA,NA,NA,NA,NA,NA,NA,NA,NA,NA,NA,NA,NA,NA
"08AB3CB6-DCE5-429E-8AA4-05048C8108A3","69891E78-B78D-4B2F-AA3A-65CB294F6747",NA,NA,NA,NA,NA,NA,NA,NA,NA,NA,NA,NA,NA,NA,NA,NA,NA,NA,NA,NA,NA,NA,NA,NA,NA,NA,NA,NA,NA
"09043AA2-89E0-4EFC-84D7-FE35AC6DB60A","7AB2A90A-4D47-4ECA-855F-56B629D2CCE9",NA,NA,NA,NA,NA,NA,NA,NA,NA,NA,NA,NA,NA,NA,NA,NA,NA,NA,NA,NA,NA,NA,NA,NA,NA,NA,NA,NA,NA
"09558006-8E7E-4657-822A-F3F2B83D6D5B","C08596C5-1764-442E-869A-E6B41EA4C48E",NA,NA,NA,NA,NA,NA,NA,NA,NA,NA,NA,NA,NA,NA,NA,NA,NA,NA,NA,NA,NA,NA,NA,NA,NA,NA,NA,NA,NA
"0998336C-44F5-4E7A-A45E-3333D664E055","24E1668A-92F0-4B74-B1FF-ACEE0515BFBD",NA,"Stream bed through part of quad.",NA,NA,NA,NA,NA,NA,NA,NA,NA,NA,NA,NA,NA,NA,NA,NA,NA,NA,NA,NA,NA,NA,NA,NA,NA,NA,NA
"09D68753-3069-43B2-95DD-6595519420E6","65B9E701-01DA-4938-BF26-60305F86FA13",NA,"herbs: Lysimachia nummularia: 10-25%",NA,NA,NA,NA,NA,NA,"herbs: Lysimachia nummularia: 10-25%","herbs: Lysimachia nummularia: 5-10%","herbs: Lysimachia nummularia: 10-25","herbs: Lysimachia nummularia: 5-10%; Oxalis sp. 0.1-1",NA,NA,NA,NA,NA,NA,NA,NA,NA,NA,NA,NA,NA,NA,NA,NA,NA
"0A1996E2-2A79-4DA6-9386-301041758E3F","3F022861-5F87-4E81-B242-CFAEDE79B86F",NA,NA,NA,NA,"in stream bed",NA,NA,NA,NA,NA,NA,NA,NA,NA,NA,NA,NA,NA,NA,NA,NA,NA,NA,NA,NA,NA,NA,NA,NA
"0A2C2EF2-D707-4550-8260-E5E4011BB8AF","D3104E07-45B9-4C05-8704-8AABE4B49D4E",NA,NA,NA,NA,NA,NA,NA,NA,NA,NA,NA,"20191211 ces: NS Moss was incorrectly entered as 0% in 2014. Fixed to match datasheet after 100% datasheet check.",NA,NA,NA,NA,NA,NA,NA,NA,NA,NA,NA,NA,NA,NA,NA,NA,NA
"0AAB0E6F-279B-4E73-B9C3-E7EAFA47C9DA","D8C1D0B9-BC3C-4B03-A187-36D36920768A",NA,NA,NA,NA,NA,NA,NA,NA,NA,NA,NA,NA,NA,NA,NA,NA,NA,NA,NA,NA,NA,NA,NA,NA,NA,NA,NA,NA,NA
"0BA22C97-FC18-4D66-B8AC-6FC16AF94FC0","37CC7B77-2709-46F5-AFD7-25EF477531B0",NA,NA,NA,NA,NA,NA,NA,NA,NA,NA,NA,NA,NA,NA,NA,NA,NA,NA,NA,NA,NA,NA,NA,NA,NA,NA,NA,NA,NA
"0C615A28-C7F5-40DE-A4C0-860EE6DA6DEB","2A2FC746-3D8F-4044-9820-46448AEE7C83",NA,NA,NA,NA,NA,NA,NA,NA,NA,NA,NA,NA,NA,NA,NA,NA,NA,NA,NA,NA,NA,NA,NA,NA,NA,NA,NA,NA,NA
"0D27A1E6-78CF-4C05-8408-1E5FC975FEAA","634123DF-150E-4D1D-9E83-AB006988F324",NA,NA,NA,NA,NA,NA,NA,NA,NA,NA,NA,NA,NA,NA,NA,NA,NA,NA,NA,NA,NA,NA,NA,NA,NA,NA,NA,NA,NA
"0E82D73B-5CEF-4886-A586-557C789EF869","F9420456-2D5B-4E2D-A31D-3732EF50971B",NA,NA,NA,NA,NA,NA,NA,NA,NA,NA,NA,NA,NA,NA,NA,NA,NA,NA,NA,NA,NA,NA,NA,NA,NA,NA,NA,NA,NA
"0F2E76F2-FF9B-4E80-8EF6-BECE8743A024","2F50352F-CA11-49B8-9E38-F4A244E6CCA8",NA,NA,NA,NA,NA,NA,NA,NA,NA,NA,NA,NA,NA,NA,NA,NA,NA,NA,NA,NA,NA,NA,NA,NA,NA,NA,NA,NA,NA
"0F31ABD2-BA3C-4B1F-B7B2-178E4FE08E3A","D0D0A033-40A5-4347-9ADC-786D3ED3E243",NA,NA,NA,NA,NA,NA,"In dry stream bed.",NA,NA,NA,NA,NA,NA,NA,NA,NA,NA,NA,NA,NA,NA,NA,NA,NA,NA,NA,NA,NA,NA
"107E2E0E-2826-4E2A-A903-D9D72B4CA50E","34D1E9AB-A410-4F8F-A741-9084B4641F52",NA,NA,NA,NA,NA,NA,NA,NA,NA,NA,NA,"Metal bar in quad",NA,NA,NA,NA,NA,NA,NA,NA,NA,NA,NA,NA,NA,NA,NA,NA,NA
"12D55AD4-F119-4861-9690-5E9DA58B246E","2072C796-9D78-4CB2-A916-AC627EB5842C",NA,NA,NA,NA,NA,NA,NA,"very steep! on side of ravine",NA,NA,NA,NA,NA,NA,NA,NA,NA,NA,NA,NA,NA,NA,NA,NA,NA,NA,NA,NA,NA
"15BC6775-F451-4EC5-8FE4-2295010F401B","A20452BD-BC3F-46C6-9811-9DE0A63F8AD6","20191125 ces: soil incorrectly entered as 25-50. Fixed to match datasheet after 100% datasheet check.",NA,NA,NA,NA,NA,NA,NA,NA,NA,NA,NA,NA,NA,NA,NA,NA,NA,NA,NA,NA,NA,NA,NA,NA,NA,NA,NA,NA
"160EF90C-5C4A-42F5-847A-633BBD24D186","6A314165-C75E-45B9-A708-06C0B0FE963C",NA,NA,NA,NA,NA,NA,NA,NA,NA,NA,NA,NA,NA,NA,NA,NA,NA,NA,NA,NA,NA,NA,NA,NA,NA,NA,NA,NA,NA
"16225F65-2633-445F-B653-9B1B9AE32C7D","2A363188-DC0C-4C4F-8C72-1F502BF533FE",NA,NA,NA,NA,NA,NA,NA,NA,NA,NA,NA,NA,NA,NA,NA,NA,NA,NA,NA,NA,NA,NA,NA,NA,NA,NA,NA,NA,NA
"174EB505-4A27-41FC-910B-BFC9BE546758","05E38C88-3661-448A-A180-25C8A32703C8",NA,NA,NA,NA,NA,NA,NA,NA,NA,NA,NA,NA,NA,NA,NA,NA,NA,NA,NA,NA,NA,NA,NA,NA,NA,NA,NA,NA,NA
"17602D46-5C8A-419A-A7C8-54A168084073","8C03DB9E-5017-48E7-83EC-99592C3A3C3F",NA,NA,NA,NA,NA,NA,NA,NA,NA,NA,NA,NA,NA,NA,NA,NA,NA,NA,NA,NA,NA,NA,NA,NA,NA,NA,NA,NA,NA
"186E98FC-9E78-440F-866E-A9DC560A8B33","B70473A2-BF98-4D0A-8F6A-84DDD3840696",NA,NA,NA,NA,NA,NA,NA,"lichen 0.1-1%","lichen 0.1-1%",NA,NA,NA,NA,NA,NA,NA,NA,NA,NA,NA,NA,NA,NA,NA,NA,NA,NA,NA,NA
"18A7901A-FCEE-4F67-8329-5F024ADA6AB9","90D71C2F-6C0F-4D72-9FA5-1E422B52BDA0",NA,NA,NA,NA,"Water in quad.","Water in quad.","Water in quad.",NA,"Water in quad.","Water in quad.",NA,NA,NA,NA,NA,NA,NA,NA,NA,NA,NA,NA,NA,NA,NA,NA,NA,NA,NA
"19E26FF8-B83B-43AA-A89E-5A09F0606DEC","666986E0-7B54-4904-AEA6-97EDB258DED2",NA,NA,NA,NA,NA,NA,"partly in stream",NA,NA,NA,"mostly in stream",NA,NA,NA,NA,NA,NA,NA,NA,NA,NA,NA,NA,NA,NA,NA,NA,NA,NA
"1B3C8B6B-A713-42A5-8FF9-3ED1020A60C1","E325D503-2FAC-42C0-AA85-E3FB088D1C3F",NA,NA,NA,NA,NA,NA,NA,NA,NA,NA,NA,NA,NA,NA,NA,NA,NA,NA,NA,NA,NA,NA,NA,NA,NA,NA,NA,NA,NA
"1B77B6CD-6F94-4240-90A2-117CC66671D8","6A12E962-285D-44C7-9961-DF4464341785",NA,NA,NA,NA,NA,NA,NA,NA,NA,NA,NA,NA,NA,NA,NA,NA,NA,NA,NA,NA,NA,NA,NA,NA,NA,NA,NA,NA,NA
"1C54E2EF-D123-43A7-9AAF-AC04CC4129E6","58789267-4595-4A3F-BE7B-FAC291B765DC",NA,NA,NA,NA,NA,NA,NA,NA,NA,NA,NA,NA,NA,NA,NA,NA,NA,NA,NA,NA,NA,NA,NA,NA,NA,NA,NA,NA,NA
"1CE57051-66C6-48EB-A801-0DA60CE52928","2F34F8E1-5D08-49A3-9129-D3C6B2942951",NA,NA,NA,NA,NA,NA,NA,NA,NA,NA,NA,NA,NA,NA,NA,NA,NA,NA,NA,NA,NA,NA,NA,NA,NA,NA,NA,NA,NA
"1E82A90C-6E87-4A90-A2C1-97FF1946F783","C3B64CF6-152A-48F7-B573-55D14AB80F5F",NA,NA,NA,NA,NA,NA,NA,NA,NA,NA,NA,NA,NA,NA,NA,NA,NA,NA,NA,NA,NA,NA,NA,NA,NA,NA,NA,NA,NA
"1EDFFD77-E0B1-47E9-BA2A-06241D73CE4F","D8993049-5FCE-4E54-9CAB-0873B9C69485",NA,NA,NA,NA,NA,NA,NA,NA,NA,NA,NA,NA,NA,NA,NA,NA,NA,NA,NA,NA,NA,NA,NA,NA,NA,NA,NA,NA,NA
"1EE48CBC-AA6E-4358-A320-A705D1AC1F0B","1B497342-DA75-4E18-9F91-EA4D7D1A57C3",NA,NA,NA,NA,NA,NA,"in donut hole; 50% quad covered with water",NA,NA,NA,NA,NA,NA,NA,NA,NA,NA,NA,NA,NA,NA,NA,NA,NA,NA,NA,NA,NA,NA
"1F056942-8B74-4637-A158-FE87AE9EB49E","A7AD5A14-0747-45F5-8114-8763DEB0351E",NA,NA,NA,NA,NA,NA,NA,NA,NA,NA,NA,NA,NA,NA,NA,NA,NA,NA,NA,NA,NA,NA,NA,NA,NA,NA,NA,NA,NA
"20458060-B3B0-4180-9400-B13A74943956","EADC2D92-5461-4A9C-8C11-C47778A4FCC3",NA,NA,NA,NA,"Mahonia japonica was found in the B2 quadrat and a larger bush was found nearby off plot",NA,NA,NA,NA,NA,NA,NA,NA,NA,NA,NA,NA,NA,NA,NA,NA,NA,NA,NA,NA,NA,NA,NA,NA
"2079F7C7-0D26-4B1C-A588-87036FCAE9E5","303839AB-64AD-4C11-9F66-23D647139C56",NA,"Deer trail through quad",NA,"two deer trails through quad",NA,"deer trail","deer trail","deer trail","deer trail","deer trail",NA,NA,NA,NA,NA,NA,NA,NA,NA,NA,NA,NA,NA,NA,NA,NA,NA,NA,NA
"20ADF4E4-8740-4857-97C0-D6A1DDD5C426","22031637-3FE4-40D1-AF8E-518EB9259D8B",NA,NA,NA,NA,NA,NA,NA,NA,NA,NA,NA,NA,NA,NA,NA,NA,NA,NA,NA,NA,NA,NA,NA,NA,NA,NA,NA,NA,NA
"218D00A8-0771-4848-B029-70370DD98127","F96B7F84-F02B-409C-935E-A2CF4115DEC5",NA,NA,NA,NA,NA,NA,NA,NA,NA,NA,NA,NA,NA,NA,NA,NA,NA,NA,NA,NA,NA,NA,NA,NA,NA,NA,NA,NA,NA
"21EF287A-7AF0-4F37-A0FD-BD40D29F77B0","EC05234D-BFED-4CEA-B4F4-0538777B9B63",NA,NA,NA,NA,"20191125 ces: trampled omitted in 2010. Wood cover class incorrectly entered as 1-2. Fixed to match datasheet after 100% datasheet check;","20191125 ces: trampled omitted in 2010. Fixed to match datasheet after 100% datasheet check.",NA,NA,NA,"20191125 ces: trampled omitted in 2010. Fixed to match datasheet after 100% datasheet check.","20191125 ces: trampled omitted in 2010. Fixed to match datasheet after 100% datasheet check.",NA,NA,NA,NA,NA,NA,NA,NA,NA,NA,NA,NA,NA,NA,NA,NA,NA,NA
"23344912-754F-4BD5-A810-7561146E1C93","84E12543-E91C-4610-8A59-BC6822F70277",NA,NA,NA,NA,"under Hamamelis virginiana",NA,NA,NA,NA,NA,NA,NA,NA,NA,NA,NA,NA,NA,NA,NA,NA,NA,NA,NA,NA,NA,NA,NA,NA
"26AAE1CF-1D85-4290-BEB1-96753D9A9DEB","813953AF-7F01-4218-9827-083DCA690573",NA,NA,NA,NA,NA,NA,NA,NA,NA,NA,NA,NA,NA,NA,NA,NA,NA,NA,NA,NA,NA,NA,NA,NA,NA,NA,NA,NA,NA
"27057FA1-F199-4D7A-A20D-5E330EA83DC3","C35C2A56-9BF5-4027-B1FE-C167301FBE10",NA,NA,NA,NA,NA,NA,NA,NA,"Deer path","Deer path",NA,NA,NA,NA,NA,NA,NA,NA,NA,NA,NA,NA,NA,NA,NA,NA,NA,NA,NA
"272F4818-8761-4E61-96BF-B2FC7DC0572A","D2DC0DAD-866B-4B00-8A47-9E344DC89AE6",NA,NA,NA,NA,NA,NA,NA,NA,NA,NA,NA,NA,NA,NA,NA,NA,NA,NA,NA,NA,NA,NA,NA,NA,NA,NA,NA,NA,NA
"273AFE1E-9B60-40DA-91A5-38F060025C8F","C7B1DAE6-2323-4199-AD06-EB2C50540236",NA,NA,NA,NA,NA,NA,"quad in stream (50-75 h20)","on stream bank",NA,NA,NA,NA,NA,NA,NA,NA,NA,NA,NA,NA,NA,NA,NA,NA,NA,NA,NA,NA,NA
"273D387E-E9C0-45F9-A07C-9C04B6005E70","B4C4489E-BFFF-498F-903A-ACDC4D56A3BE","Note ALL quaudrants: trampled recoded as Y/N using a 10% threashhold",NA,NA,NA,NA,NA,NA,NA,NA,NA,NA,NA,NA,NA,NA,NA,NA,NA,NA,NA,NA,NA,NA,NA,NA,NA,NA,NA,NA
"27C52DDB-CEE6-4D38-BED2-48C3862D5862","580A38AD-9BA7-4F7B-AE7A-6FCEC4C7AB2D",NA,NA,NA,NA,NA,NA,NA,NA,"C2 was trampled by us but there was nothing there anyways",NA,NA,"75-95% water",NA,NA,NA,NA,NA,NA,NA,NA,NA,NA,NA,NA,NA,NA,NA,NA,NA
"292FC43B-C520-4C5B-A423-2AC84704E24F","44E3C25B-BE68-43E5-B442-C185F94EC6E8",NA,NA,NA,NA,NA,NA,NA,NA,NA,NA,NA,NA,NA,NA,NA,NA,NA,NA,NA,NA,NA,NA,NA,NA,NA,NA,NA,NA,NA
"2A43F2CC-BCB5-4DE8-9FD7-49A8B5985A17","CB5A2AA1-B071-46DC-A6CB-D5783FF35A8E",NA,NA,NA,NA,NA,"Rock written as 5-25%",NA,NA,NA,"Wood written as 10-50",NA,NA,NA,NA,NA,NA,NA,NA,NA,NA,NA,NA,NA,NA,NA,NA,NA,NA,NA
"2BF17B53-854B-4EFB-A66D-202DE7E95950","6B7A4225-B220-4852-9516-8F8AFBEF8BB0",NA,NA,NA,NA,NA,NA,NA,NA,NA,NA,NA,NA,NA,NA,NA,NA,NA,NA,NA,NA,NA,NA,NA,NA,NA,NA,NA,NA,NA
"2CE00900-57EB-447C-89C4-A936562E7769","49A903F2-C84A-4E6A-92A8-841648E2B7B1",NA,NA,NA,NA,NA,NA,NA,NA,NA,NA,NA,NA,NA,NA,NA,NA,NA,NA,NA,NA,NA,NA,NA,NA,NA,NA,NA,NA,NA
"2D6A22EE-558C-471E-85F4-8552F9AA1635","41D47D04-BF2F-4633-B1DE-56B3F888BFA1",NA,NA,NA,NA,NA,NA,NA,NA,NA,NA,NA,NA,NA,NA,NA,NA,NA,NA,NA,NA,NA,NA,NA,NA,NA,NA,NA,NA,NA
"2DE1601D-6CAA-44E2-BCA8-D015D23C8885","EE61E2CE-9C8B-4930-8BD8-92ADE6B7BB52",NA,NA,NA,NA,NA,NA,NA,NA,NA,NA,NA,NA,NA,NA,NA,NA,NA,NA,NA,NA,NA,NA,NA,NA,NA,NA,NA,NA,NA
"2E7A5614-C024-4BE7-9454-5E6B25A883BD","2F3FB90E-16A0-450B-93FA-1FC1F8AB104C",NA,NA,NA,NA,NA,NA,NA,NA,NA,NA,NA,NA,NA,NA,NA,NA,NA,NA,NA,NA,NA,NA,NA,NA,NA,NA,NA,NA,NA
"2F21A055-4FDB-4C35-8ED7-FFDD25824FF5","67E5C34C-BAEE-403A-A448-DBC9A7053DC1",NA,NA,NA,NA,NA,NA,NA,NA,NA,NA,NA,NA,NA,NA,NA,NA,NA,NA,NA,NA,NA,NA,NA,NA,NA,NA,NA,NA,NA
"2F6613F2-C280-4A0C-93F0-3B83BF6D7964","6C3776FA-128F-4ABE-82F5-DA131EDB5CD2",NA,NA,NA,NA,NA,NA,NA,NA,NA,NA,NA,NA,NA,NA,NA,NA,NA,NA,NA,NA,NA,NA,NA,NA,NA,NA,NA,NA,NA
"2FC500E6-FCAC-4575-8775-87177EDCBF05","04522595-C667-4DAE-BF98-D9EC888A3D8F","deer trail running through quad",NA,NA,"deer trail running through quad.",NA,NA,NA,"deer trail running through quad.",NA,NA,NA,NA,NA,NA,NA,NA,NA,NA,NA,NA,NA,NA,NA,NA,NA,NA,NA,NA,NA
"301326FF-D982-4DAB-82CB-F306CD8F5FC4","7BA9F7C9-AACA-4B8A-AA49-75933727E5F4",NA,NA,NA,NA,NA,NA,NA,NA,NA,NA,"20191211 ces: NS Moss incorrectly entered as <1. Fixed to match datasheet after 100% datasheet check.","20191211 ces: NS Moss incorrectly entered as <1. Fixed to match datasheet after 100% datasheet check.",NA,NA,NA,NA,NA,NA,NA,NA,NA,NA,NA,NA,NA,NA,NA,NA,NA
"30394ED2-1AC9-49A4-87BE-CDE6C8DBC1FE","C3B1ECEB-E948-4FFD-AFAE-B6261B339D20","other is running cedar (clubmose)",NA,"other is partridgberry","other is partridgberry","partridgeberry and hogpeanut","hogpeanut, partridgeberry and running cedar","partridgeberry","other is partridgberry and running cedar",NA,NA,NA,"running cedar and partridgeberry",NA,NA,NA,NA,NA,NA,NA,NA,NA,NA,NA,NA,NA,NA,NA,NA,NA
"3059DAA9-CA62-4CE4-9626-59FBA54904C5","0D74D39E-F53D-4BD6-BD98-8CEB60B08014",NA,"Trampled social trail",NA,NA,NA,NA,NA,NA,NA,NA,NA,NA,NA,NA,NA,NA,NA,NA,NA,NA,NA,NA,NA,NA,NA,NA,NA,NA,NA
"30761CE8-E3EF-4211-8B47-4CA30FDAA328","6F100CAC-00D8-46BE-87C3-254B2F12F3E8",NA,NA,"the Herb cover <1% may be Celastris but could not collect, Photo taken",NA,NA,NA,NA,NA,NA,NA,NA,NA,NA,NA,NA,NA,NA,NA,NA,NA,NA,NA,NA,NA,NA,NA,NA,NA,NA
"30BE396E-B5CD-4131-9C2A-417711CB34CF","A23976B2-F7A2-4B65-ADA9-23A113C298F0",NA,NA,NA,NA,NA,NA,"quadrat in trail: 100%",NA,"half of quadrat on top of very tall boulder, estimated moss/rock cover",NA,NA,NA,NA,NA,NA,NA,NA,NA,NA,NA,NA,NA,NA,NA,NA,NA,NA,NA,NA
"30CAF781-D954-4398-8AC7-9161D0D7F85A","D214E579-917B-4AE9-B254-999352420715",NA,NA,NA,NA,NA,NA,NA,NA,"Lespedeza cuneata is writen on data sheet as Lespedeza A with these notes: no flower present, upright",NA,NA,NA,NA,NA,NA,NA,NA,NA,NA,NA,NA,NA,NA,NA,NA,NA,NA,NA,NA
"324CBB6C-8667-493D-89A3-855982C888EE","2EB3C122-3710-4203-B6D2-1835D6A91600",NA,NA,NA,NA,NA,NA,"On trail.",NA,NA,NA,NA,NA,NA,NA,NA,NA,NA,NA,NA,NA,NA,NA,NA,NA,NA,NA,NA,NA,NA
"32A37692-FA78-43F4-A9AB-9C807D8CFC68","4C09E9C8-D2D7-4532-A059-97CE0EBA4B79",NA,NA,NA,NA,"quercus rubra greated than 1.5",NA,NA,NA,NA,NA,NA,NA,NA,NA,NA,NA,NA,NA,NA,NA,NA,NA,NA,NA,NA,NA,NA,NA,NA
"33051F32-7D46-4727-80BE-98322E36D1EA","CD8691B1-A3F3-43F6-991F-2E2AEE69D55A",NA,NA,NA,NA,NA,NA,NA,NA,NA,NA,NA,NA,NA,NA,NA,NA,NA,NA,NA,NA,NA,NA,NA,NA,NA,NA,NA,NA,NA
"334D44D7-8773-4108-B19E-5BE321DD80B1","FD55D08F-C3F6-41C3-8FBF-2B372998BF3C",NA,NA,NA,NA,"tree 1408",NA,NA,NA,NA,NA,NA,NA,NA,NA,NA,NA,NA,NA,NA,NA,NA,NA,NA,NA,NA,NA,NA,NA,NA
"34B536BF-87A7-4250-8D16-1C137BDFA91A","1BD5E1BB-6736-4A35-8A83-4A4C62731EE8",NA,NA,"A4: Sample @ 3.8m due to fence edge.",NA,NA,NA,NA,NA,NA,NA,NA,NA,NA,NA,NA,NA,NA,NA,NA,NA,NA,NA,NA,NA,NA,NA,NA,NA,NA
"34D2A516-01E1-4D81-B6FA-9B80E3505A48","B49EEA8A-B09E-40F7-BC7E-20C62B416B6F",NA,"at 3m","at 4m",NA,NA,"at 3m","at 4m",NA,NA,"at 3m","at 4m",NA,NA,NA,NA,NA,NA,NA,NA,NA,NA,NA,NA,NA,NA,NA,NA,NA,NA
"3524AEFD-C9E0-4D8D-9839-FFDE697B0D0F","1854CE91-2BF1-45EF-9A79-19E0E143F3D1",NA,NA,NA,NA,NA,NA,NA,NA,NA,NA,NA,"Wood: There was 2-5% wood on the ground. In addition, there was a dead limb attached to a living Prunus serotine. It was 2-3 feet off the ground and less than 45'. If this piece counts as wood, then the total wood is 25-50%.",NA,NA,NA,NA,NA,NA,NA,NA,NA,NA,NA,NA,NA,NA,NA,NA,NA
"357A9E4C-9480-4BE2-88A3-7F69F302FDEF","9BD88EBA-6EF5-41AF-8342-7DA8CD240F88",NA,NA,NA,NA,NA,NA,NA,NA,NA,NA,NA,NA,NA,NA,NA,NA,NA,NA,NA,NA,NA,NA,NA,NA,NA,NA,NA,NA,NA
"3604AC4D-3A47-4B26-A5E6-848FA89AE984","B14D84A9-E9B0-4326-A966-B2A57E4FAD46",NA,NA,NA,NA,NA,NA,"social trail","social trail","on rock","on rock","social trail",NA,NA,NA,NA,NA,NA,NA,NA,NA,NA,NA,NA,NA,NA,NA,NA,NA,NA
"36326213-6D8F-4CB2-81E3-BA686FEE4AB2","41A34CD0-5939-4D05-B9C9-F1D68F574233",NA,NA,NA,NA,NA,NA,"lots of acer rubrum stump sprouts (not included in cover) that were heavily browsed",NA,NA,NA,NA,NA,NA,NA,NA,NA,NA,NA,NA,NA,NA,NA,NA,NA,NA,NA,NA,NA,NA
"3686313D-089A-4A46-8B6D-9D69833EBCE3","11CBD6AF-3969-4447-BDEB-357310BD4AD0",NA,NA,NA,NA,NA,NA,NA,NA,NA,NA,NA,NA,NA,NA,NA,NA,NA,NA,NA,NA,NA,NA,NA,NA,NA,NA,NA,NA,NA
"36F33653-F885-429D-8DED-55E250558B7E","A62880B7-47A0-44B4-AF84-F3A88973284F",NA,NA,NA,NA,"25-50% under water; red algae present",NA,NA,NA,NA,NA,NA,NA,NA,NA,NA,NA,NA,NA,NA,NA,NA,NA,NA,NA,NA,NA,NA,NA,NA
"37EABD4E-A441-44D5-A7E6-17BDCFFBF8DE","4DACA7C1-1AA3-4E1C-B4A0-5566B4AA29BA",NA,NA,NA,NA,NA,NA,NA,NA,NA,NA,"20191202 ces: C8 wood incorrectly entered as 0. Fixed to match datasheet after 100% datasheet check.",NA,NA,NA,NA,NA,NA,NA,NA,NA,NA,NA,NA,NA,NA,NA,NA,NA,NA
"38E4705F-7679-4077-B915-3BDE16DCA4D1","6E27DDA1-553D-4ECD-9E8E-8350167F94A1",NA,NA,NA,NA,NA,NA,NA,NA,NA,NA,NA,NA,NA,NA,NA,NA,NA,NA,NA,NA,NA,NA,NA,NA,NA,NA,NA,NA,NA
"39B9B8A9-3FA7-4366-AB61-F4F4B5667A1E","258B24C1-3C34-4A3F-BDB1-8CCBC071DCE3",NA,"copperhead snake",NA,NA,NA,NA,NA,NA,NA,NA,NA,NA,NA,NA,NA,NA,NA,NA,NA,NA,NA,NA,NA,NA,NA,NA,NA,NA,NA
"39E394FC-C719-4E86-8E2D-D11FF9BADD43","4D0CB64F-C201-48ED-AD3F-F955A87C83A5",NA,NA,NA,NA,NA,NA,NA,NA,NA,NA,NA,NA,NA,NA,NA,NA,NA,NA,NA,NA,NA,NA,NA,NA,NA,NA,NA,NA,NA
"3A282280-D1EF-4609-A41C-758E634FA9E1","C8577DB6-5118-49F8-861D-BEDFD23C99DA",NA,NA,NA,NA,NA,NA,NA,NA,NA,NA,NA,NA,NA,NA,NA,NA,NA,NA,NA,NA,NA,NA,NA,NA,NA,NA,NA,NA,NA
"3B91ED86-131C-4C9B-9236-255B3BD3F297","AE52ED8C-E35F-4AF8-8820-254D74C34A96",NA,NA,NA,NA,NA,NA,NA,NA,NA,NA,NA,NA,NA,NA,NA,NA,NA,NA,NA,NA,NA,NA,NA,NA,NA,NA,NA,NA,NA
"3BC6731C-D00E-4251-B4F0-9787BCA6D59E","6CFB80F0-775F-4476-8A52-D9EE16CBABA8",NA,NA,NA,NA,NA,NA,NA,NA,NA,NA,"Quad C8 located in stream bed",NA,NA,NA,NA,NA,NA,NA,NA,NA,NA,NA,NA,NA,NA,NA,NA,NA,NA
"3C3D1F98-0F07-4029-9CCB-4C5B0274E150","042F15BE-703C-4C7D-8811-B9E2C3F227D4",NA,NA,NA,"metal trash in quad: 2-5%","glass bottles: 1-2%",NA,"25-50 trash",NA,NA,NA,NA,NA,NA,NA,NA,NA,NA,NA,NA,NA,NA,NA,NA,NA,NA,NA,NA,NA,NA
"3C3E473E-EF04-401B-8FC6-17C8D4B69F64","325F2641-FB52-4C97-8720-0EA695B2049D","Asplenium sp. = Ferns",NA,"Unknown = hardwood","Asplenium sp. = Fern",NA,NA,NA,NA,NA,NA,NA,NA,NA,NA,NA,NA,NA,NA,NA,NA,NA,NA,NA,NA,NA,NA,NA,NA,NA
"3CA5DC41-B839-4DEC-BBD6-A35F2AE38BC6","F97CBC28-EDCC-4AD3-998C-1261C1F94AC9",NA,NA,NA,NA,NA,NA,NA,NA,NA,NA,NA,NA,NA,NA,NA,NA,NA,NA,NA,NA,NA,NA,NA,NA,NA,NA,NA,NA,NA
"3D15D0EB-77CA-46D6-BC53-D74351F5117E","EBA2CB0E-6564-4C7D-8E82-49C6A0B765EA",NA,NA,NA,NA,NA,NA,NA,NA,NA,NA,NA,NA,NA,NA,NA,NA,NA,NA,NA,NA,NA,NA,NA,NA,NA,NA,NA,NA,NA
"3D1782D1-F1DC-4FAF-B108-8C7801A5D7B8","84EE16C0-7F2A-4DB1-BAE3-96747463E9DA","20191211 ces: Reentered all quadrat data, species, and seedlings. Data entry swapped plots 6323 and 6324.","3m; 20191211 ces: Reentered all quadrat data, species, and seedlings. Data entry swapped plots 6323 and 6324.","4m; 20191211 ces: Reentered all quadrat data, species, and seedlings. Data entry swapped plots 6323 and 6324.","20191211 ces: Reentered all quadrat data, species, and seedlings. Data entry swapped plots 6323 and 6324.","20191211 ces: Reentered all quadrat data, species, and seedlings. Data entry swapped plots 6323 and 6324.","3m; 20191211 ces: Reentered all quadrat data, species, and seedlings. Data entry swapped plots 6323 and 6324.","4m; 20191211 ces: Reentered all quadrat data, species, and seedlings. Data entry swapped plots 6323 and 6324.","20191211 ces: Reentered all quadrat data, species, and seedlings. Data entry swapped plots 6323 and 6324.","Washed out through 10-25% of quad: runoff drainage; 20191211 ces: Reentered all quadrat data, species, and seedlings. Data entry swapped plots 6323 and 6324.","3m; 20191211 ces: Reentered all quadrat data, species, and seedlings. Data entry swapped plots 6323 and 6324.","4m; 20191211 ces: Reentered all quadrat data, species, and seedlings. Data entry swapped plots 6323 and 6324.","20191211 ces: Reentered all quadrat data, species, and seedlings. Data entry swapped plots 6323 and 6324.",NA,NA,NA,NA,NA,NA,NA,NA,NA,NA,NA,NA,NA,NA,NA,NA,NA
"3D51EB95-E32E-4F22-92AF-2596E7BE96C8","76CB1B56-EAB8-4106-859B-2D262D46E715",NA,"Sampled at 3m","Sampled at 4m",NA,NA,"sampled at 3m","sampled at 4m",NA,NA,"sampled at 3m","sampled at 4m",NA,NA,NA,NA,NA,NA,NA,NA,NA,NA,NA,NA,NA,NA,NA,NA,NA,NA
"3D96967B-CB15-4400-969F-7BBB9AEB87D3","9C30FE46-C95B-499D-9011-923CE929C2BB","Note for ALL Qauds on tape transects A, B, & C: Qaudrat wast placed at 1.9 m, 4.9 m, 7.9 m due to 'tape malfunction'",NA,NA,NA,NA,NA,NA,"20191113 ces - after datasheet 100% check, noted BB was trampled to match datasheet. NonSphagnum were reentered to address multiple data entry errors.",NA,NA,NA,NA,NA,NA,NA,NA,NA,NA,NA,NA,NA,NA,NA,NA,NA,NA,NA,NA,NA
"3DE4105F-06E7-417A-96F9-BACDDA0323F3","34F6711A-A83A-4DA9-9CDB-5BB6AC5B13B1",NA,NA,NA,NA,NA,NA,NA,NA,NA,NA,NA,NA,NA,NA,NA,NA,NA,NA,NA,NA,NA,NA,NA,NA,NA,NA,NA,NA,NA
"3DF29550-D768-4AD8-8FC9-98A7FDE4FDD1","1907AC1D-BE2D-462F-8A85-706CC0C8098E",NA,NA,NA,NA,NA,NA,NA,NA,NA,NA,NA,NA,NA,NA,NA,NA,NA,NA,NA,NA,NA,NA,NA,NA,NA,NA,NA,NA,NA
"3F8A07A0-F148-455C-9F5A-C30D250DB22F","A4899EF6-DEF2-4FD6-BC57-46599FD74AD1",NA,NA,NA,NA,NA,NA,NA,NA,NA,NA,NA,NA,NA,NA,NA,NA,NA,NA,NA,NA,NA,NA,NA,NA,NA,NA,NA,NA,NA
"3F98445E-D33B-42FD-B0F5-7720CA445966","95E28843-AD03-4A6A-8BD0-979C887EF894",NA,NA,NA,NA,NA,NA,NA,NA,NA,NA,NA,NA,NA,NA,NA,NA,NA,NA,NA,NA,NA,NA,NA,NA,NA,NA,NA,NA,NA
"4009199B-F9CC-45D6-9D3F-EB6C43D97C2C","F029754C-D110-429D-A8B0-DCD62547DD81",NA,NA,NA,"turtle!!!",NA,NA,"75% of quad in sludge puddle; not water","100% in sludge puddle.",NA,NA,NA,NA,NA,NA,NA,NA,NA,NA,NA,NA,NA,NA,NA,NA,NA,NA,NA,NA,NA
"40434AF6-FFA4-47A9-A952-6D5A86AD67DC","17568D16-D311-4C30-BB39-B14384ACEFF1",NA,NA,NA,NA,NA,"May be part of a historic road/trail (ATV) see Stand data Notes","May be part of a historic road/trail (ATV) see Stand data Notes",NA,"May be part of a historic road/trail (ATV) see Stand data Notes",NA,NA,"May be part of a historic road/trail (ATV) see Stand data Notes",NA,NA,NA,NA,NA,NA,NA,NA,NA,NA,NA,NA,NA,NA,NA,NA,NA
"4046B33F-8DE5-42F5-B93F-957284AC282E","CA7A20F1-A9D1-498F-93AB-3C3F2D396EAA",NA,NA,NA,NA,NA,NA,NA,NA,NA,NA,NA,NA,NA,NA,NA,NA,NA,NA,NA,NA,NA,NA,NA,NA,NA,NA,NA,NA,NA
"423DF780-81BF-4629-A4F4-9E1AB324E62E","65E1F77A-2CED-4848-A0F1-06747F5B9FFB",NA,NA,NA,NA,NA,NA,NA,NA,NA,NA,NA,NA,NA,NA,NA,NA,NA,NA,NA,NA,NA,NA,NA,NA,NA,NA,NA,NA,NA
"430F685E-DD45-474B-98D2-3C0FA154AE9D","13158108-2616-418D-875A-FF1F8F7DC6E8",NA,NA,NA,NA,NA,NA,"Lichen 1-2","orchid is isover",NA,NA,NA,NA,NA,NA,NA,NA,NA,NA,NA,NA,NA,NA,NA,NA,NA,NA,NA,NA,NA
"4365EE79-6A5A-4796-A486-407D544107CA","1B3C1317-2125-48BA-A812-8690D363A1D4",NA,NA,NA,NA,NA,NA,NA,NA,"beer can in quad",NA,NA,NA,NA,NA,NA,NA,NA,NA,NA,NA,NA,NA,NA,NA,NA,NA,NA,NA,NA
"43C7E677-44B1-4815-89B3-AC29E80F8A12","AEF40FE4-E9CF-4131-A95E-A5104D2AE1AD",NA,NA,"75-95% standing water in quad",NA,NA,NA,NA,NA,NA,NA,NA,NA,NA,NA,NA,NA,NA,NA,NA,NA,NA,NA,NA,NA,NA,NA,NA,NA,NA
"43FC5EAB-524B-47A9-86F8-6E58656CFB02","BD473950-9DA6-42DC-AE8F-A682303409BB",NA,NA,NA,NA,NA,NA,NA,NA,NA,NA,NA,"trampled by crew",NA,NA,NA,NA,NA,NA,NA,NA,NA,NA,NA,NA,NA,NA,NA,NA,NA
"4432D7E3-3CA4-4C9F-903B-168030546A69","190A6466-5D8A-4A28-A657-B7B5B58B0C04",NA,NA,NA,NA,NA,NA,NA,NA,NA,NA,NA,NA,NA,NA,NA,NA,NA,NA,NA,NA,NA,NA,NA,NA,NA,NA,NA,NA,NA
"44709D5E-1918-4EFA-AD54-4609F205E4A9","544D96C8-BE4D-4629-83DB-5FF0D4385993",NA,NA,NA,NA,NA,NA,NA,NA,NA,NA,NA,NA,NA,NA,NA,NA,NA,NA,NA,NA,NA,NA,NA,NA,NA,NA,NA,NA,NA
"447C7795-A62F-4DF5-BA60-A8BFA134B3CA","08C8AA6E-5A39-484B-B2EF-7C46AA79D38E",NA,NA,NA,NA,NA,NA,NA,NA,NA,NA,"spotted wintergreen 1-2",NA,NA,NA,NA,NA,NA,NA,NA,NA,NA,NA,NA,NA,NA,NA,NA,NA,NA
"44A2DC3F-6171-4ECF-9A8F-869AD0EBE19B","8B3E921C-9BF5-4632-84E1-3E0D2288338E",NA,NA,NA,NA,NA,NA,NA,NA,NA,NA,NA,NA,NA,NA,NA,NA,NA,NA,NA,NA,NA,NA,NA,NA,NA,NA,NA,NA,NA
"44EF2C5A-5854-46F5-9961-C72B82433DBD","7F2887FC-EF68-49E4-B7DF-3DE6B7D5D234",NA,NA,NA,NA,NA,NA,NA,NA,NA,NA,NA,NA,NA,NA,NA,NA,NA,NA,NA,NA,NA,NA,NA,NA,NA,NA,NA,NA,NA
"4540E0B8-AAA5-48DD-AE82-AE260589975D","D2AEFBB8-FF17-46D4-9868-0594D1CAAD73",NA,NA,NA,NA,NA,NA,NA,NA,NA,NA,NA,NA,NA,NA,NA,NA,NA,NA,NA,NA,NA,NA,NA,NA,NA,NA,NA,NA,NA
"455BCCB1-D250-4D64-AD5A-E5AF2D1CB37C","F5E17FBF-5973-496D-8FAB-F85400711F34","Measured at 1 m distance","Measured at 2 m distance","Measured at 3 m distance",NA,"Measured at 2 m distance","Measured at 3 m distance","Measured at 4 m distance",NA,"Measured at 2 m distance","Measured at 3 m distance","Measured at 4 m distance",NA,NA,NA,NA,NA,NA,NA,NA,NA,NA,NA,NA,NA,NA,NA,NA,NA,NA
"45CBDBED-8826-45DB-81E2-DD69CEE24539","7C900B87-126E-4C4C-82D5-5EB9DBD80A49",NA,NA,NA,NA,NA,NA,NA,NA,NA,NA,NA,NA,NA,NA,NA,NA,NA,NA,NA,NA,NA,NA,NA,NA,NA,NA,NA,NA,NA
"45FEE813-7FA9-4A46-B53C-1ECA74DA1041","F9EB00D2-2AD6-4EA6-BA5D-9731C171BDD5",NA,"At 3m.","At 3.8 m due to fence positioning. This is where the 2015 crew located this quadrat as well.",NA,NA,"At 3m.","At 4m.",NA,NA,"At 3m.","At 4m.",NA,NA,NA,NA,NA,NA,NA,NA,NA,NA,NA,NA,NA,NA,NA,NA,NA,NA
"4631D2EE-0EE6-47A5-B352-21551E4CA740","2F7C03EA-4832-4CFB-9279-2D33C2A74210",NA,NA,NA,NA,NA,NA,NA,NA,NA,NA,NA,NA,NA,NA,NA,NA,NA,NA,NA,NA,NA,NA,NA,NA,NA,NA,NA,NA,NA
"4698B331-3410-4D93-BEC2-C1DAB23A24E2","59EF66BD-6F72-425D-91C3-9C9F27ED57C7",NA,NA,NA,"herbs is all lycopodium in this quad",NA,NA,NA,NA,NA,"herbs include lycopodium",NA,NA,NA,NA,NA,NA,NA,NA,NA,NA,NA,NA,NA,NA,NA,NA,NA,NA,NA
"46E066DC-5ED1-4A0F-9D59-2C557E6BA7DC","3510BB0D-52E6-466B-AFD2-3A3F025265F7","-",NA,NA,NA,NA,NA,NA,NA,NA,NA,NA,NA,NA,NA,NA,NA,NA,NA,NA,NA,NA,NA,NA,NA,NA,NA,NA,NA,NA
"4A1F2B87-447E-4DD7-992A-031AB66AC4AB","86B77F73-F7E6-4699-8FCF-7572008E0997","mitrep<1,  vio<1","mitrep<1","mitrep 1-2,","mitrep<1","Unknown=vine, may be exotic 'air potato' or native wild yam. mitrep<1","mitrep<1","Unknown=vine mitrep<1",NA,"mitrep<1","mitrep<1","Unknown=vine, may be exotic 'air potato' or native wild yam.",NA,NA,NA,NA,NA,NA,NA,NA,NA,NA,NA,NA,NA,NA,NA,NA,NA,NA
"4A27E0D6-706C-442D-8593-0C7E6CA2D2BF","B1E80C75-B23E-4E1A-9844-A65BF3BF3E72",NA,NA,NA,NA,NA,NA,NA,NA,NA,NA,NA,NA,NA,NA,NA,NA,NA,NA,NA,NA,NA,NA,NA,NA,NA,NA,NA,NA,NA
"4AFE8244-391F-49DB-9FF0-697F032B803B","82E06C3C-C1D6-4D59-BCA3-9712BB5AD10F",NA,NA,NA,NA,NA,NA,"20191209 ces: soil cover incorrectly entered as <1 in 2013. FIxed to match datasheet after 100% datasheet check.","20191209 ces: soil cover incorrectly entered as <1 in 2013. FIxed to match datasheet after 100% datasheet check.","20191209 ces: soil cover incorrectly entered as <1 in 2013. FIxed to match datasheet after 100% datasheet check.","20191209 ces: soil cover incorrectly entered as <1 in 2013. FIxed to match datasheet after 100% datasheet check.",NA,"20191209 ces: soil cover incorrectly entered as <1 in 2013. FIxed to match datasheet after 100% datasheet check.",NA,NA,NA,NA,NA,NA,NA,NA,NA,NA,NA,NA,NA,NA,NA,NA,NA
"4B651623-C611-4FCA-9964-9E3CC87B84B4","93FFD73B-B98C-42C5-9405-173C7FB753A0",NA,"20191202 ces: lichen incorrectly entered as 0. fixed to match datasheet after 100% datasheet check.",NA,"20191202 ces: lichen incorrectly entered as 0. fixed to match datasheet after 100% datasheet check.",NA,NA,NA,"20191202 ces: lichen incorrectly entered as 0. fixed to match datasheet after 100% datasheet check.",NA,NA,NA,NA,NA,NA,NA,NA,NA,NA,NA,NA,NA,NA,NA,NA,NA,NA,NA,NA,NA
"4D2ECEC2-6743-44ED-AFB3-F6DE294F9B86","8EDA3C21-6F96-49AC-A10F-13EFB7769C5C",NA,NA,NA,NA,NA,NA,NA,NA,NA,NA,NA,NA,NA,NA,NA,NA,NA,NA,NA,NA,NA,NA,NA,NA,NA,NA,NA,NA,NA
"4D9BB396-8622-4505-BE7D-FB2C52622118","2EFBF256-43EC-4BCA-A1CD-80AF5F12D108",NA,NA,NA,NA,NA,NA,NA,NA,NA,NA,NA,NA,NA,NA,NA,NA,NA,NA,NA,NA,NA,NA,NA,NA,NA,NA,NA,NA,NA
"4D9E6F6C-575C-4282-A961-740CFD948A1B","345A75DB-3F06-4168-84FC-FC0371CB7BDD",NA,NA,NA,NA,NA,NA,NA,NA,NA,NA,NA,NA,NA,NA,NA,NA,NA,NA,NA,NA,NA,NA,NA,NA,NA,NA,NA,NA,NA
"4DF90574-2974-4485-BF7C-EEE665E891DB","D7DA85D8-0F92-416C-8869-9E853ACC494D",NA,NA,NA,NA,NA,NA,NA,NA,NA,NA,NA,NA,NA,NA,NA,NA,NA,NA,NA,NA,NA,NA,NA,NA,NA,NA,NA,NA,NA
"4F8494D5-1B7C-4CB0-9CC2-44042501E897","BB8904E6-5510-4B20-9F7D-1BBAED6DDEFB",NA,NA,NA,NA,"Herbs: unknown herb 2",NA,NA,NA,NA,NA,NA,NA,NA,NA,NA,NA,NA,NA,NA,NA,NA,NA,NA,NA,NA,NA,NA,NA,NA
"4F94BB08-3248-4D0A-B854-4343A77FB7A3","3A5FB171-1243-4ED1-87B7-778E807F131C",NA,NA,NA,NA,NA,NA,NA,NA,NA,NA,NA,NA,NA,NA,NA,NA,NA,NA,NA,NA,NA,NA,NA,NA,NA,NA,NA,NA,NA
"50156DB9-E10E-41F8-B02D-F7B2415D70A8","102225B8-26FF-4E85-A7DE-1BA3A4DC6A2B",NA,NA,NA,NA,NA,NA,NA,NA,NA,NA,NA,NA,NA,NA,NA,NA,NA,NA,NA,NA,NA,NA,NA,NA,NA,NA,NA,NA,NA
"508DF862-2EF6-4491-BDDB-C3D9F31BA5AA","7CB5F0A6-A7CE-4A22-B129-F1BEEA510ABD",NA,NA,NA,NA,NA,NA,NA,NA,NA,NA,NA,NA,NA,NA,NA,NA,NA,NA,NA,NA,NA,NA,NA,NA,NA,NA,NA,NA,NA
"531FB54E-8E2F-448A-B545-98A2C0ED0E97","B77ECEF3-11AD-4F08-82BC-DC05B341ED6E",NA,NA,NA,NA,NA,NA,NA,NA,NA,NA,NA,"20191220 ces: Herbs incorrectly entered as 0 in 2011. Fixed to match datasheet after 10% datasheet check.",NA,NA,NA,NA,NA,NA,NA,NA,NA,NA,NA,NA,NA,NA,NA,NA,NA
"538B5253-31EB-41E9-A84F-C1638348A0CE","8FC76B8B-A25B-4CD0-BD4A-B6DF1E7D8FDF",NA,NA,NA,NA,NA,NA,NA,NA,NA,NA,NA,NA,NA,NA,NA,NA,NA,NA,NA,NA,NA,NA,NA,NA,NA,NA,NA,NA,NA
"54EB3255-7EB6-4E56-81DB-203DB5E3323D","1181668E-44A6-4DB8-A3AF-1998302F380B",NA,NA,NA,NA,NA,NA,NA,NA,NA,NA,NA,NA,NA,NA,NA,NA,NA,NA,NA,NA,NA,NA,NA,NA,NA,NA,NA,NA,NA
"55AB4DB8-75E1-497D-8D5D-932141277170","63EC8E5E-17D6-4117-8014-AB2D6319881B",NA,NA,NA,NA,NA,NA,NA,NA,NA,NA,NA,"deer trail through quad",NA,NA,NA,NA,NA,NA,NA,NA,NA,NA,NA,NA,NA,NA,NA,NA,NA
"58B35C4E-17BD-42C8-893F-4C570B45ABD3","FBA8D185-D28A-43BF-B197-141FE0F35272",NA,NA,NA,NA,NA,NA,"majority in tip up mound/tip up mound puddle",NA,NA,"half in tiip up mound puddle",NA,NA,NA,NA,NA,NA,NA,NA,NA,NA,NA,NA,NA,NA,NA,NA,NA,NA,NA
"58B574FA-1584-4265-84B3-EF0368DD25A8","8E25ECDB-B1D3-4C22-A53C-3258BC0AB6BB",NA,NA,NA,NA,NA,NA,NA,NA,NA,"20191202 ces: trampled incorrectly checked in 2011. Fixed to match datasheet after 100% datasheet check.","20191202 ces: trampled incorrectly checked in 2011. Fixed to match datasheet after 100% datasheet check.","20191202 ces: trampled incorrectly checked in 2011. Fixed to match datasheet after 100% datasheet check.",NA,NA,NA,NA,NA,NA,NA,NA,NA,NA,NA,NA,NA,NA,NA,NA,NA
"598EBCE5-7663-4961-A3F3-A5F65FA9F329","99F83286-BC87-4890-B0D0-42336E14D504",NA,NA,NA,NA,NA,NA,NA,NA,NA,NA,NA,NA,NA,NA,NA,NA,NA,NA,NA,NA,NA,NA,NA,NA,NA,NA,NA,NA,NA
"59BE995A-B024-4C53-93AB-E0E83607349D","8F7D9407-CCC3-4BFE-AEA9-47421A773BDA",NA,NA,NA,NA,NA,NA,NA,NA,NA,NA,NA,NA,NA,NA,NA,NA,NA,NA,NA,NA,NA,NA,NA,NA,NA,NA,NA,NA,NA
"5A14AEAC-792B-4154-B37D-FDDE4FB6975A","311D0821-EF3B-4821-950C-42AD0EAFAC26",NA,NA,NA,NA,NA,NA,NA,NA,NA,NA,NA,NA,NA,NA,NA,NA,NA,NA,NA,NA,NA,NA,NA,NA,NA,NA,NA,NA,NA
"5A4FC9F2-3E31-4799-9682-E1DE48988454","BBA52728-DEB9-4014-9CE1-D64C2D1C2D99",NA,NA,NA,NA,NA,NA,"a quarter of the quadrat is in the trail.","quarter of the quadrat is in the trail.",NA,NA,NA,NA,NA,NA,NA,NA,NA,NA,NA,NA,NA,NA,NA,NA,NA,NA,NA,NA,NA
"5B3F8B60-47F6-48A0-94B8-78BB233878F0","A92040C9-69D6-401B-8BF5-E7403866D2C7","Water on quad.  50-75% of quad water.  Small stream.","Water on quad. 25-50% of quad water from a small stream.","1-2% of quad in standing water","quad on top of rock spray painted where stake should be.",NA,NA,NA,NA,NA,NA,NA,NA,NA,NA,NA,NA,NA,NA,NA,NA,NA,NA,NA,NA,NA,NA,NA,NA,NA
"5BBBE4F8-7245-4706-A303-4D5B66BF58B9","17372EE7-41CA-412B-91B2-8320754C975D",NA,"at 3 m","at 4 m",NA,NA,"at 3 m","at 4 m",NA,NA,"at 3m","at 4 m",NA,NA,NA,NA,NA,NA,NA,NA,NA,NA,NA,NA,NA,NA,NA,NA,NA,NA
"5E054985-3B44-4B07-9379-1EB2E44621D2","35870AA2-A97C-45EF-99C9-26AF30AFD5F7",NA,NA,NA,NA,NA,NA,NA,"unkown seedling is a shrub",NA,NA,NA,NA,NA,NA,NA,NA,NA,NA,NA,NA,NA,NA,NA,NA,NA,NA,NA,NA,NA
"5F43F9B8-B9AF-4760-867D-301F4EB2CE41","07668B77-6BC6-4DC7-81D1-43DC561AA4A1",NA,NA,NA,NA,NA,NA,"quadrat 80% in stream","quad was disturbed while we were attempting to locate the stake",NA,NA,"quadrat 100% in stream.",NA,NA,NA,NA,NA,NA,NA,NA,NA,NA,NA,NA,NA,NA,NA,NA,NA,NA
"6021250C-0B77-4FB7-807A-61358D2AC5C5","79422DC8-50A8-4FAB-9F3D-5748179349D6",NA,NA,NA,NA,"metal pipe in quad (5-10%)",NA,NA,NA,NA,NA,NA,NA,NA,NA,NA,NA,NA,NA,NA,NA,NA,NA,NA,NA,NA,NA,NA,NA,NA
"60E54577-D23C-4251-9479-BD2A053DEE61","8FCBE711-6B7E-4B9A-BC03-9DEC2264CFE2",NA,NA,NA,NA,"Quad had trash cover of 25-50%",NA,NA,NA,NA,NA,NA,NA,NA,NA,NA,NA,NA,NA,NA,NA,NA,NA,NA,NA,NA,NA,NA,NA,NA
"625D1E5D-11D8-4F51-86E1-0DA6CB3C5AA0","00DDD96E-953D-419C-A78D-3A9AC9E948DF","most herb cover is lycopodium","most herb cover is lycopodium",NA,"most herb cover is lycopodium","most herb cover is lycopodium","most herb cover is lycopodium",NA,NA,"most herb cover is lycopodium",NA,NA,"most herb cover is lycopodium",NA,NA,NA,NA,NA,NA,NA,NA,NA,NA,NA,NA,NA,NA,NA,NA,NA
"633F3733-DCA8-4C12-AE8A-116B581E5A02","AFAAB365-BE32-4A40-B91C-00E0A7148A5D",NA,NA,NA,NA,NA,NA,NA,NA,NA,NA,NA,NA,NA,NA,NA,NA,NA,NA,NA,NA,NA,NA,NA,NA,NA,NA,NA,NA,NA
"644AC628-7D80-4EEB-92A1-BC6B2AC2CE96","F2673B44-1077-420F-BDC2-8F2FFB1B69B0",NA,NA,NA,NA,NA,NA,NA,NA,NA,NA,NA,NA,NA,NA,NA,NA,NA,NA,NA,NA,NA,NA,NA,NA,NA,NA,NA,NA,NA
"646EDAA9-5BB6-4B3B-AB5B-A61B480C1D13","73F2DE3C-9E33-4BAB-A67D-07B3C7DB9D2E",NA,NA,NA,NA,"deer trail through quad",NA,NA,NA,NA,NA,NA,NA,NA,NA,NA,NA,NA,NA,NA,NA,NA,NA,NA,NA,NA,NA,NA,NA,NA
"651F4393-6C4D-4865-9C10-4B0237E1F21B","2CF0A8F9-57EF-4673-B7EA-FE56132540B6",NA,NA,NA,NA,"Plastic trash cover 2-5%",NA,NA,NA,NA,NA,NA,NA,NA,NA,NA,NA,NA,NA,NA,NA,NA,NA,NA,NA,NA,NA,NA,NA,NA
"6534997A-9E6A-496B-A879-1924704C12EF","97C8994E-F106-4A36-8C2F-339C57A32B75",NA,NA,NA,NA,NA,NA,NA,NA,NA,NA,NA,NA,NA,NA,NA,NA,NA,NA,NA,NA,NA,NA,NA,NA,NA,NA,NA,NA,NA
"6553DAAA-90A8-4BD2-B7A4-D5CE8028B912","EC2B988D-7706-40EE-8FD2-B378E8E5CABF",NA,NA,NA,NA,NA,NA,NA,NA,NA,NA,NA,NA,NA,NA,NA,NA,NA,NA,NA,NA,NA,NA,NA,NA,NA,NA,NA,NA,NA
"66FAAD44-03C6-47B2-A8B1-50AF620BAF05","B6BE2A06-5468-479F-9FC5-9A1A95347259",NA,NA,NA,NA,NA,NA,"watercovered in a creek. all submerged leaf litter",NA,NA,NA,NA,NA,NA,NA,NA,NA,NA,NA,NA,NA,NA,NA,NA,NA,NA,NA,NA,NA,NA
"67C48D48-29AF-4449-AD02-DCE85FE3D3E1","B093E46A-5204-44A2-B4B6-EBAF2D27E622",NA,NA,NA,NA,NA,NA,NA,NA,NA,NA,NA,NA,NA,NA,NA,NA,NA,NA,NA,NA,NA,NA,NA,NA,NA,NA,NA,NA,NA
"68A5F0F7-7474-463A-A5DA-D664944F0188","5E42BCF3-9E1F-42F6-A717-2805C1361C02",NA,NA,NA,NA,NA,NA,NA,NA,NA,NA,NA,NA,NA,NA,NA,NA,NA,NA,NA,NA,NA,NA,NA,NA,NA,NA,NA,NA,NA
"68AE1BDE-3B4D-43BE-A0D8-AA5FB1B0F53F","85B63AEA-9522-4A5E-8412-B8DF43B993BF",NA,NA,NA,NA,NA,NA,"Quad almost entirely covered by wood (fallen tree), but a few cm off the ground.",NA,NA,NA,NA,NA,NA,NA,NA,NA,NA,NA,NA,NA,NA,NA,NA,NA,NA,NA,NA,NA,NA
"69691D27-24E8-46B2-8C7E-2D8BB611A718","E4D1CC4A-2B66-493F-BF39-B88518E82DBB",NA,NA,NA,NA,NA,NA,NA,"Herbs changed to 5-10% from 2-5% b/c we added juncaceae, which is not on indicator list but was included on datasheet.",NA,NA,NA,NA,NA,NA,NA,NA,NA,NA,NA,NA,NA,NA,NA,NA,NA,NA,NA,NA,NA
"69EABD6F-5E9C-408C-8BA9-77A9256DDE7D","96F8B02C-91DF-4E69-87A2-85F173E11789",NA,"20191119 ces: A5 stem incorrectly entered as 10-25, fixed to match datasheet after 100% datasheet check.","20191119 ces: A8 stem incorrectly entered as 0, fixed to match datasheet after 100% datasheet check.","Poaceae was written on data sheet as 1-10%",NA,NA,NA,NA,NA,NA,NA,NA,NA,NA,NA,NA,NA,NA,NA,NA,NA,NA,NA,NA,NA,NA,NA,NA,NA
"69FEEA26-8512-468E-B5CF-BB0C042D4D8A","BF58D392-133F-42F2-92D0-979D107C7807",NA,NA,NA,NA,NA,NA,NA,NA,NA,NA,NA,NA,NA,NA,NA,NA,NA,NA,NA,NA,NA,NA,NA,NA,NA,NA,NA,NA,NA
"6C485B8A-A791-4E41-B50E-BC90C740F737","1DF3890C-CE8C-41D7-B41C-3629F734E974",NA,NA,NA,NA,NA,NA,NA,NA,NA,NA,NA,NA,NA,NA,NA,NA,NA,NA,NA,NA,NA,NA,NA,NA,NA,NA,NA,NA,NA
"6C8E203F-D8F3-462B-A755-CFE40FEA3B81","E406034C-AB4D-40DE-BF97-246E1ED7AD6C",NA,NA,"Lichen: 0.1-1",NA,NA,"Lichen: 0.1-1","Lichen: 2-5",NA,NA,NA,NA,NA,NA,NA,NA,NA,NA,NA,NA,NA,NA,NA,NA,NA,NA,NA,NA,NA,NA
"6C9931BF-2129-4518-A329-7250D4B53A57","F3E1F449-D15B-4952-B78E-13F3258E9433","20191202 ces: NS moss and lichen covers incorrectly entered in 2011. Fixed to match datasheet after 100% datasheet check.","20191202 ces: NS moss and lichen covers incorrectly entered in 2011. Fixed to match datasheet after 100% datasheet check.","20191202 ces: NS moss and lichen covers incorrectly entered in 2011. Fixed to match datasheet after 100% datasheet check.","20191202 ces: NS moss and lichen covers incorrectly entered in 2011. Fixed to match datasheet after 100% datasheet check.","20191202 ces: NS moss and lichen covers incorrectly entered in 2011. Fixed to match datasheet after 100% datasheet check.","20191202 ces: NS moss and lichen covers incorrectly entered in 2011. Fixed to match datasheet after 100% datasheet check.","20191202 ces: NS moss and lichen covers incorrectly entered in 2011. Fixed to match datasheet after 100% datasheet check.","20191202 ces: NS moss and lichen covers incorrectly entered in 2011. Fixed to match datasheet after 100% datasheet check.","20191202 ces: NS moss and lichen covers incorrectly entered in 2011. Fixed to match datasheet after 100% datasheet check.","20191202 ces: NS moss and lichen covers incorrectly entered in 2011. Fixed to match datasheet after 100% datasheet check.","20191202 ces: NS moss and lichen covers incorrectly entered in 2011. Fixed to match datasheet after 100% datasheet check.","20191202 ces: NS moss and lichen covers incorrectly entered in 2011. Fixed to match datasheet after 100% datasheet check.",NA,NA,NA,NA,NA,NA,NA,NA,NA,NA,NA,NA,NA,NA,NA,NA,NA
"6D27729C-5FFA-4AED-A147-39B2D56D4016","70F89858-977F-43CC-BC21-B31EF5F6A2E9",NA,NA,NA,NA,NA,NA,NA,NA,NA,NA,NA,NA,NA,NA,NA,NA,NA,NA,NA,NA,NA,NA,NA,NA,NA,NA,NA,NA,NA
"6D41D708-AAD1-423D-9A67-4EB41752065C","3EFEC799-D895-4464-A563-94F804F0764C","Unknown shrub",NA,NA,"Unknown shrub",NA,NA,NA,NA,NA,NA,NA,NA,NA,NA,NA,NA,NA,NA,NA,NA,NA,NA,NA,NA,NA,NA,NA,NA,NA
"6D4E980D-ADC1-46FC-BAEB-F2EC6868E3AE","5CE4C5ED-FB4D-48A7-97CF-F69E9104FCAD",NA,NA,NA,NA,NA,NA,NA,NA,NA,NA,NA,"Not sample due to copper head and box turtle; 20191219 ces: note on datasheet says 'copperhead + box turtle!!!' It appears they sampled the quad.",NA,NA,NA,NA,NA,NA,NA,NA,NA,NA,NA,NA,NA,NA,NA,NA,NA
"6EA3A041-EB19-4C67-8E5E-9F7D23896D39","1993D8B1-0CA5-402A-B33B-DBB4FFFBDFFA","Rubpho on plot",NA,NA,NA,NA,NA,NA,NA,NA,NA,NA,NA,NA,NA,NA,NA,NA,NA,NA,NA,NA,NA,NA,NA,NA,NA,NA,NA,NA
"6EAA885C-594B-451A-9989-5171DF7F71A9","45BB3A74-4476-4DA2-88AF-241C83ED1FDA",NA,NA,NA,NA,NA,NA,NA,NA,NA,NA,NA,NA,NA,NA,NA,NA,NA,NA,NA,NA,NA,NA,NA,NA,NA,NA,NA,NA,NA
"6F0C2EE9-4659-4783-BD7A-9BDF43AE58F1","F4D6C0F9-586F-453B-B2E7-1359F56CA771",NA,NA,NA,NA,NA,NA,"% trampled entered on data sheet as 'yes' using a 10% threashhold",NA,NA,NA,NA,NA,NA,NA,NA,NA,NA,NA,NA,NA,NA,NA,NA,NA,NA,NA,NA,NA,NA
"6FB99A76-9E71-4826-B73F-9A3A4C8A72F1","E6083C73-52DF-4008-B3A0-3AEB1CEE374D","20191114 ces - stem percent covers reentered after 100% datasheet check to match datasheet.",NA,NA,NA,NA,NA,NA,NA,NA,NA,NA,NA,NA,NA,NA,NA,NA,NA,NA,NA,NA,NA,NA,NA,NA,NA,NA,NA,NA
"706551E9-FFDE-43CE-A7F1-DACCEFE8A6C9","C540C5AA-E637-4F8A-8F94-E5C659E87ED3",NA,NA,NA,NA,NA,NA,"Woody, cf. Gaultheria-pink buds",NA,NA,NA,NA,NA,NA,NA,NA,NA,NA,NA,NA,NA,NA,NA,NA,NA,NA,NA,NA,NA,NA
"71866D5D-39F1-4270-8937-AB7196FFDE4E","ECF67770-B268-441A-BFF3-30B30E4CA9BF",NA,NA,NA,NA,NA,NA,NA,NA,NA,NA,NA,NA,NA,NA,NA,NA,NA,NA,NA,NA,NA,NA,NA,NA,NA,NA,NA,NA,NA
"727A9973-A7B7-4B28-9E4D-2A0B1F3A4F1C","CEB968C7-FF2B-4B6B-AA9C-4943A5D99F2D","Note for all Qauds: Plot was trampled by crew; trampling is entered as 10-25% because we used a 10% treashold to determine Y/N for trampling",NA,NA,NA,"20191118 ces: soil incorrectly entered as 0% in 2009, fixed to match datasheet check.","20191118 ces: soil incorrectly entered as 0% in 2009, fixed to match datasheet check.",NA,NA,NA,NA,NA,NA,NA,NA,NA,NA,NA,NA,NA,NA,NA,NA,NA,NA,NA,NA,NA,NA,NA
"72A43158-F05F-48D7-944A-D12D5A8F76C4","A9CF8FF4-06B3-462D-B5CF-96F3DEA8B969",NA,NA,NA,NA,NA,NA,"unknown herb 0.1-1%","datasheet said Perilla sp.; BW entered as P. frutescens",NA,NA,NA,"unknown herb 0.1-1%",NA,NA,NA,NA,NA,NA,NA,NA,NA,NA,NA,NA,NA,NA,NA,NA,NA
"7329AFE7-3240-4D3D-9759-484426D50A39","F5831D38-463A-406D-A60C-16D55A1A62EB","20191114 ces: changed A2 Non Spagnum from 0 to <1 to match datasheet after 100% datasheet check.",NA,NA,NA,NA,NA,NA,NA,NA,NA,NA,NA,NA,NA,NA,NA,NA,NA,NA,NA,NA,NA,NA,NA,NA,NA,NA,NA,NA
"770D1592-9C39-4F38-A6C2-AC94FD6E1613","678CCA84-E662-4829-9582-98EF1622DB1E",NA,"unknown seedling 1-2% was unknown shrub",NA,NA,NA,"unknown seedling 0.1-1% was unknown shrub",NA,"unknown seedling 0.1-1% was unknown shrub",NA,NA,NA,NA,NA,NA,NA,NA,NA,NA,NA,NA,NA,NA,NA,NA,NA,NA,NA,NA,NA
"778CFB7B-63C6-49BA-BC3D-7D68398FEF87","D18AB014-89E3-4637-8C98-EB67B8134100",NA,"1-2% Trash","A8 herb cover not recorded by crew - permanently missing. 20170301 CES",NA,NA,"20191113 CES - after 100% datasheet check changed B2 herb cover to match datasheet.",NA,NA,NA,"5-10% Trash",NA,NA,NA,NA,NA,NA,NA,NA,NA,NA,NA,NA,NA,NA,NA,NA,NA,NA,NA
"77C97404-4930-4635-9E27-CDCE2EE32920","2F8D80EA-CE2E-4B49-865A-774CD12502EB",NA,NA,NA,NA,NA,NA,NA,NA,NA,NA,NA,NA,NA,NA,NA,NA,NA,NA,NA,NA,NA,NA,NA,NA,NA,NA,NA,NA,NA
"77ECD0CE-CCE7-477B-8118-ED7611D2FBF3","82255CE3-76C4-48B2-B615-321877885033",NA,NA,NA,NA,NA,"20191202 ces: NS moss incorrectly entered as 1-2. FIxed to match datasheet after 100% datasheet check.",NA,NA,"20191202 ces: NS moss incorrectly entered as 1-2. FIxed to match datasheet after 100% datasheet check.",NA,NA,NA,NA,NA,NA,NA,NA,NA,NA,NA,NA,NA,NA,NA,NA,NA,NA,NA,NA
"7899374F-D70B-4AA1-B673-FB5CD14FF285","5BD66BDA-E57F-40BB-BEB3-107040A5459C",NA,NA,NA,NA,NA,NA,NA,NA,NA,NA,NA,NA,NA,NA,NA,NA,NA,NA,NA,NA,NA,NA,NA,NA,NA,NA,NA,NA,NA
"793610BA-33A9-4610-A927-34362C20DFA2","91ADC7AA-984E-45B7-B663-B7B4CB321C8E",NA,NA,NA,NA,NA,NA,NA,NA,NA,NA,NA,NA,NA,NA,NA,NA,NA,NA,NA,NA,NA,NA,NA,NA,NA,NA,NA,NA,NA
"794AF48D-DDDE-4DBA-BC1C-80D2C29BFD4E","F401EAAB-43DF-4E0F-9D89-6706BBFA07EE","General note for all quads: Smilax browsed",NA,NA,NA,NA,NA,NA,NA,NA,NA,NA,NA,NA,NA,NA,NA,NA,NA,NA,NA,NA,NA,NA,NA,NA,NA,NA,NA,NA
"79BAF7A3-46C0-49F6-890B-96693635D303","BFD2442A-96FA-4E86-8B4F-C21C60818CB8",NA,NA,NA,NA,NA,NA,NA,NA,NA,NA,NA,NA,NA,NA,NA,NA,NA,NA,NA,NA,NA,NA,NA,NA,NA,NA,NA,NA,NA
"79E56D1D-8520-42F0-9D68-2DD116033B61","FD568231-69E6-46BF-B61E-19DC15A4D7BD","50-75% water","10-25% water",NA,NA,"50-75% water","25-50% water",NA,"25-50% water",NA,NA,"5-10% water","75-95% water",NA,NA,NA,NA,NA,NA,NA,NA,NA,NA,NA,NA,NA,NA,NA,NA,NA
"79FB2824-B12C-4D46-8A63-A48546A89254","21F95D3C-F48D-4DCA-BA5D-BDAAD259858C","Lots of dead ranuculus ficaria and allearia petiolata in many of the quads",NA,NA,NA,NA,NA,NA,NA,NA,NA,NA,NA,NA,NA,NA,NA,NA,NA,NA,NA,NA,NA,NA,NA,NA,NA,NA,NA,NA
"7AD36AE7-AD54-4DAE-9FDA-1025048DF281","DE9E3497-2B8C-4F38-9F33-2814F2B8285F",NA,NA,NA,NA,NA,NA,NA,NA,NA,NA,NA,NA,NA,NA,NA,NA,NA,NA,NA,NA,NA,NA,NA,NA,NA,NA,NA,NA,NA
"7B104CAE-39B8-4F47-A10E-A2E198488C90","5A475FE6-7399-476A-8FA5-FE8084D33F07",NA,NA,NA,NA,NA,NA,NA,NA,NA,NA,NA,NA,NA,NA,NA,NA,NA,NA,NA,NA,NA,NA,NA,NA,NA,NA,NA,NA,NA
"7C1B3197-DA33-467E-A779-4D8EA68943E3","AB029B12-45ED-4521-A729-8476DD283A5A",NA,NA,NA,NA,NA,NA,NA,NA,NA,NA,NA,NA,NA,NA,NA,NA,NA,NA,NA,NA,NA,NA,NA,NA,NA,NA,NA,NA,NA
"7D58566F-DEC4-4150-9265-19EB0A55D3E5","8D69EA73-8B13-464B-9F07-A3188E95E443",NA,NA,NA,NA,NA,NA,NA,NA,NA,NA,NA,NA,NA,NA,NA,NA,NA,NA,NA,NA,NA,NA,NA,NA,NA,NA,NA,NA,NA
"7D5FD247-C3FF-43C9-9440-B774922DCAA6","5B8CA74A-D276-4E55-86C6-D5B41672EF8B",NA,NA,NA,NA,NA,NA,NA,NA,NA,NA,NA,NA,NA,NA,NA,NA,NA,NA,NA,NA,NA,NA,NA,NA,NA,NA,NA,NA,NA
"7F6EE518-65CF-4263-BCB1-A4E3D89BE991","C5FC78AF-06FA-481D-9B73-6E69C800B99B",NA,NA,NA,NA,NA,NA,NA,NA,NA,NA,NA,NA,NA,NA,NA,NA,NA,NA,NA,NA,NA,NA,NA,NA,NA,NA,NA,NA,NA
"805681A7-5FCF-4813-9CD1-6C97B56C5BF0","FCC753B8-5BE6-4E90-B849-526ACE10FAB4","The majority of the herbs not on list were Lycopodium.",NA,NA,NA,NA,NA,NA,NA,NA,NA,NA,NA,NA,NA,NA,NA,NA,NA,NA,NA,NA,NA,NA,NA,NA,NA,NA,NA,NA
"814F37AA-8CE0-49B1-8835-026DB98D54EC","AE96941D-4430-40E6-8C74-3245A8502DD4",NA,NA,NA,NA,"20191125 ces: stem incorrectly entered as 1-2 in 2009. Fixed to match datasheets after 100% datasheet check.",NA,NA,NA,NA,NA,NA,NA,NA,NA,NA,NA,NA,NA,NA,NA,NA,NA,NA,NA,NA,NA,NA,NA,NA
"8157C811-2443-465E-A8E8-DBE73C94937F","157EA66E-E83B-4E8C-9678-7CC6296DED7B",NA,NA,NA,NA,NA,NA,NA,NA,NA,NA,NA,NA,NA,NA,NA,NA,NA,NA,NA,NA,NA,NA,NA,NA,NA,NA,NA,NA,NA
"81AEE894-8F61-484C-B37E-7D1D63DA08B2","5398E971-2AB8-410F-832B-6C62D87FEA45",NA,NA,NA,NA,NA,NA,NA,NA,NA,NA,"Unknown shrub",NA,NA,NA,NA,NA,NA,NA,NA,NA,NA,NA,NA,NA,NA,NA,NA,NA,NA
"81C4289C-70CF-402F-96AA-9DD9E02BD498","3AF80FDC-D9A9-4822-AE91-C79B217EEF19","20191125 ces: Herbs incorrectly entered as <1. Reentered to match datasheets after 100% datasheet check.",NA,NA,NA,NA,NA,"20191125 ces: Herbs incorrectly entered as 0. Reentered to match datasheets after 100% datasheet check.",NA,NA,NA,NA,NA,NA,NA,NA,NA,NA,NA,NA,NA,NA,NA,NA,NA,NA,NA,NA,NA,NA
"81F7C2C5-BEF0-41CE-B061-989B83F45F4E","59975BE7-DAA5-4A85-820C-BE3907A084E8",NA,NA,NA,NA,NA,NA,NA,NA,NA,NA,NA,NA,NA,NA,NA,NA,NA,NA,NA,NA,NA,NA,NA,NA,NA,NA,NA,NA,NA
"83976BCE-73DA-40F8-84FA-630FDF0E54EA","3EB95ED7-43B8-49A1-BFF8-AC26F5D08302",NA,NA,NA,NA,NA,NA,NA,NA,NA,NA,NA,NA,NA,NA,NA,NA,NA,NA,NA,NA,NA,NA,NA,NA,NA,NA,NA,NA,NA
"85388526-ACE7-44FE-96A8-A11296470697","92E2C935-AD65-4AF2-99F8-27A5B7AA7DBB",NA,NA,NA,NA,NA,NA,NA,NA,NA,NA,NA,NA,NA,NA,NA,NA,NA,NA,NA,NA,NA,NA,NA,NA,NA,NA,NA,NA,NA
"8649E271-4E72-4B58-9E68-FC7DD1B1D287","0A113F57-5CDE-4561-844B-6091F56AA8FE",NA,NA,NA,NA,NA,NA,NA,NA,NA,NA,NA,NA,NA,NA,NA,NA,NA,NA,NA,NA,NA,NA,NA,NA,NA,NA,NA,NA,NA
"867442A6-9AA3-4564-880C-0FE251ABAF66","3302CC61-1961-4AD3-A650-1BE97BDD2B91",NA,NA,NA,NA,"on social trail",NA,NA,NA,NA,NA,NA,NA,NA,NA,NA,NA,NA,NA,NA,NA,NA,NA,NA,NA,NA,NA,NA,NA,NA
"86E1388E-3321-47B2-B4E5-167E784247B2","74E9FE89-A7D3-4C98-B870-CF96EDE7E6E1",NA,NA,"In the middle of the debris pile, lots of bucked up wood.",NA,NA,NA,NA,NA,NA,NA,NA,NA,NA,NA,NA,NA,NA,NA,NA,NA,NA,NA,NA,NA,NA,NA,NA,NA,NA
"87B1B83B-D869-4BE8-A5C3-DBA9CDB7A8BF","B36D6109-8AC2-489E-A386-41D75795F979",NA,NA,NA,NA,NA,NA,"Vaccinium sp. either V. corymbosum or V. pallidum",NA,NA,NA,NA,NA,NA,NA,NA,NA,NA,NA,NA,NA,NA,NA,NA,NA,NA,NA,NA,NA,NA
"88576AD0-500B-4C7F-9D1C-3C80AC1D640D","9C54B916-0516-49EC-93B2-7EC495507354",NA,NA,NA,NA,NA,"20191119 ces: Wood incorrectly entered as <1 in 2009, checked to match datasheet after 100% datasheet check","20191119 ces: trampled omitted in 2009, checked to match datasheet after 100% datasheet check",NA,NA,NA,NA,NA,NA,NA,NA,NA,NA,NA,NA,NA,NA,NA,NA,NA,NA,NA,NA,NA,NA
"8AEE05DE-70E6-4664-A7F4-F4865AEF4ED2","D1C362AA-52A9-4414-87DF-BDA2F6A9011E",NA,NA,NA,NA,NA,NA,NA,NA,NA,NA,NA,NA,NA,NA,NA,NA,NA,NA,NA,NA,NA,NA,NA,NA,NA,NA,NA,NA,NA
"8BE152A0-F161-4956-AE57-39C5246A6411","E42FCBBE-DFA7-43EF-8485-7F284B131E23",NA,NA,NA,NA,NA,NA,NA,NA,NA,NA,NA,NA,NA,NA,NA,NA,NA,NA,NA,NA,NA,NA,NA,NA,NA,NA,NA,NA,NA
"8C4D2E41-FB6E-4ADB-9372-F1F736D9BCFB","5D37B9A4-6697-4CC9-B076-994812CFEB4B",NA,NA,NA,NA,NA,NA,NA,NA,NA,"20191202 ces: stem incorrectly entered as <1 in 2011. Fixed to match datasheet after 100% datasheet check.",NA,NA,NA,NA,NA,NA,NA,NA,NA,NA,NA,NA,NA,NA,NA,NA,NA,NA,NA
"8C5703C6-4239-4C55-9593-D87152AD0202","8CBBCA75-EED9-4909-B9C6-F0BDD6722CAD",NA,NA,NA,NA,NA,NA,NA,NA,"Illex opaca recorded as 1-10, entered as 5-10.",NA,NA,NA,NA,NA,NA,NA,NA,NA,NA,NA,NA,NA,NA,NA,NA,NA,NA,NA,NA
"8D01E1DE-5274-4207-AB02-1827F7E2A451","7A4936FF-A2F4-4195-8E8C-86D5B8933287",NA,NA,NA,NA,NA,NA,NA,NA,NA,NA,NA,NA,NA,NA,NA,NA,NA,NA,NA,NA,NA,NA,NA,NA,NA,NA,NA,NA,NA
"8D31F11A-2C18-40B6-B12C-E28C3146C790","5C2DE677-0D8D-4D8D-865B-222F8B3247F4",NA,"In middle of trail",NA,NA,NA,NA,NA,NA,NA,NA,NA,NA,NA,NA,NA,NA,NA,NA,NA,NA,NA,NA,NA,NA,NA,NA,NA,NA,NA
"8E01B64D-0306-4A98-839F-05B78173B410","30C24388-5930-4EE7-9F23-08A7277BD010","looks like quad was driven through","looks like quad was driven through","looks like quad was driven through","looks like quad was driven through",NA,NA,NA,NA,"looks like quad was driven through",NA,"looks like quad was driven through","looks like quad was driven through",NA,NA,NA,NA,NA,NA,NA,NA,NA,NA,NA,NA,NA,NA,NA,NA,NA
"8F4DC13B-340F-434C-BDCF-181D46A6F15D","11711868-8F01-470D-A8DB-F03C1502FEDB",NA,"quad entirely on trail",NA,NA,NA,NA,NA,NA,NA,NA,NA,NA,NA,NA,NA,NA,NA,NA,NA,NA,NA,NA,NA,NA,NA,NA,NA,NA,NA
"8F56C546-EBF8-4BC6-B34B-3A305FCCC2C7","31AE4FBC-67AC-4E0B-9BFD-DA0B4C558BAA",NA,NA,NA,NA,NA,NA,NA,NA,NA,NA,NA,NA,NA,NA,NA,NA,NA,NA,NA,NA,NA,NA,NA,NA,NA,NA,NA,NA,NA
"8F689FDD-C43F-43C4-9108-CABEE39BFFEC","577411D7-F878-405E-B3B0-2B354FFBF1EC",NA,NA,NA,NA,NA,NA,NA,NA,NA,NA,NA,NA,NA,NA,NA,NA,NA,NA,NA,NA,NA,NA,NA,NA,NA,NA,NA,NA,NA
"8FC6544F-8237-4DB4-8964-D45F65485BFD","982B3B80-798C-4C85-A778-84FCEAA6D050",NA,NA,NA,NA,NA,NA,"Trail passing through quad",NA,NA,NA,"Trail passing through quad",NA,NA,NA,NA,NA,NA,NA,NA,NA,NA,NA,NA,NA,NA,NA,NA,NA,NA
"903E3B6E-9EA7-44D5-AA3F-CD4BB7D0AF36","29E2AA14-78A6-4EC1-BCEC-D32E5C9105E6",NA,NA,NA,NA,NA,NA,NA,NA,NA,NA,NA,NA,NA,NA,NA,NA,NA,NA,NA,NA,NA,NA,NA,NA,NA,NA,NA,NA,NA
"903F3D82-4796-4188-9ADD-AAC81A51FEDE","4491F22C-D824-4C86-969A-3DC46F5ADCB0",NA,NA,NA,NA,NA,NA,NA,NA,NA,"20191206 ces: Sphagnum incorrectly entered as <1 in 2011. Fixed to match datasheet after 100% datasheet check.",NA,NA,NA,NA,NA,NA,NA,NA,NA,NA,NA,NA,NA,NA,NA,NA,NA,NA,NA
"90595858-67AB-4211-887E-7F42D508CA84","F89531CD-0DDD-487A-9366-74763B54B3C7",NA,NA,NA,NA,NA,NA,NA,NA,NA,NA,NA,NA,NA,NA,NA,NA,NA,NA,NA,NA,NA,NA,NA,NA,NA,NA,NA,NA,NA
"914C4BCD-CFC4-4744-80B9-4FE8232190DC","4AB5BF89-1BAE-453A-866B-344D3D4C1685",NA,NA,NA,NA,NA,NA,NA,NA,NA,NA,NA,NA,NA,NA,NA,NA,NA,NA,NA,NA,NA,NA,NA,NA,NA,NA,NA,NA,NA
"91AFD3AB-F4BB-43ED-843F-C9C3991DFAED","7D6DF944-1BD3-4FC1-AAE4-4247DFD976E2",NA,NA,NA,NA,NA,NA,NA,NA,NA,NA,NA,NA,NA,NA,NA,NA,NA,NA,NA,NA,NA,NA,NA,NA,NA,NA,NA,NA,NA
"92F5BE79-A74F-42BC-A70B-EBCA6731FAC7","85AFF2B7-A88B-4399-AF9E-C0489BCD6A07",NA,NA,NA,NA,NA,NA,NA,NA,NA,NA,NA,NA,NA,NA,NA,NA,NA,NA,NA,NA,NA,NA,NA,NA,NA,NA,NA,NA,NA
"93C9D475-78B9-4AD0-AF63-18753D10E877","65F48576-399B-4011-AE99-F9127ED53F94",NA,NA,NA,NA,NA,NA,NA,NA,NA,NA,NA,"20191114 ces - change CC Herbs from 5-10 to 0 after 100% datasheet check to match datasheet.",NA,NA,NA,NA,NA,NA,NA,NA,NA,NA,NA,NA,NA,NA,NA,NA,NA
"93FADCF9-514A-479F-A79D-7077A75A4B53","6BB79DEF-CDC3-4C59-8CDE-FAA4C2A47CEF","delete",NA,NA,NA,NA,NA,NA,NA,NA,NA,NA,NA,NA,NA,NA,NA,NA,NA,NA,NA,NA,NA,NA,NA,NA,NA,NA,NA,NA
"9536F5A9-3282-4F88-977E-A177C296F238","6AF6B6F1-3E00-4C44-8C6D-2F2A031649C3",NA,"lichen 1-2%","no sci name on datasheet for false nettle; BW presumed Boehmeria cylindrica","no sci name on datasheet for false nettle; BW presumed Boehmeria cylindrica","no sci name on datasheet for false nettle; BW presumed Boehmeria cylindrica","no sci name on datasheet for false nettle; BW presumed Boehmeria cylindrica",NA,NA,"no sci name on datasheet for false nettle; BW presumed Boehmeria cylindrica","no sci name on datasheet for false nettle; BW presumed Boehmeria cylindrica","lichen 5-10%","no sci name on datasheet for false nettle; BW presumed Boehmeria cylindrica.  also lichen 1-2%",NA,NA,NA,NA,NA,NA,NA,NA,NA,NA,NA,NA,NA,NA,NA,NA,NA
"954BA329-01EF-48EB-BDD5-2BCB6A1BFBF7","B3758873-4FE1-42DF-B307-EDCE26D26A32",NA,NA,NA,"Quad under water - data permanently missing.","Quad under water - data permanently missing.","Quad under water - data permanently missing.","Quad under water - data permanently missing.",NA,NA,NA,NA,NA,NA,NA,NA,NA,NA,NA,NA,NA,NA,NA,NA,NA,NA,NA,NA,NA,NA
"959C55F6-7559-4200-A117-0200ACEAADB5","829B9926-5493-4E3A-B96F-A4303001710D",NA,NA,NA,NA,NA,NA,NA,NA,NA,NA,"Deer path through this quad",NA,NA,NA,NA,NA,NA,NA,NA,NA,NA,NA,NA,NA,NA,NA,NA,NA,NA
"9634B4B2-A2A9-46B9-ADE8-56A59C17C0B2","2FFC3017-A787-4BEA-8E46-6D68A2CC47BD",NA,NA,NA,NA,NA,NA,NA,NA,NA,NA,NA,NA,NA,NA,NA,NA,NA,NA,NA,NA,NA,NA,NA,NA,NA,NA,NA,NA,NA
"967DA7FB-5CE2-48AE-B4DC-AEBA52D6991D","BD8A5625-A5C7-4834-BB48-CA10D8F580A0",NA,NA,NA,NA,NA,NA,NA,NA,NA,NA,NA,NA,NA,NA,NA,NA,NA,NA,NA,NA,NA,NA,NA,NA,NA,NA,NA,NA,NA
"96C3BA16-F364-4E1F-A7D9-E9C443AE6ED3","D7E0BD66-5286-4C4F-8A2D-B7D21445808B",NA,NA,NA,NA,NA,NA,NA,NA,NA,"20191121 ces: C5 incorrectly entered as 0 in 2010, reentered to match datasheet after 100% datasheet check.",NA,NA,NA,NA,NA,NA,NA,NA,NA,NA,NA,NA,NA,NA,NA,NA,NA,NA,NA
"977CB41F-1F75-4671-A876-6AA7B5DCE05A","FCBB9060-3911-4C43-BD65-9D6EFF559A07",NA,NA,NA,NA,NA,NA,NA,NA,NA,NA,NA,NA,NA,NA,NA,NA,NA,NA,NA,NA,NA,NA,NA,NA,NA,NA,NA,NA,NA
"985794AD-0FB8-4ABC-8834-16F942334BFE","F0B59613-F867-4BE3-811B-360BD79964C0",NA,NA,NA,NA,NA,NA,NA,NA,NA,NA,NA,NA,NA,NA,NA,NA,NA,NA,NA,NA,NA,NA,NA,NA,NA,NA,NA,NA,NA
"98F229A5-778E-4D06-AD2E-51313EE1DC95","BC7D6801-F858-44A7-B9E4-8BF6025BBF4B",NA,"Quad is on a large moss-covered rooooock.",NA,NA,NA,NA,NA,NA,NA,NA,NA,NA,NA,NA,NA,NA,NA,NA,NA,NA,NA,NA,NA,NA,NA,NA,NA,NA,NA
"98F2817F-08CB-46C3-A671-FDF9433FCA68","11593F8C-D36C-4F33-8056-73C0A78A729E",NA,NA,NA,NA,NA,"20200122 ces: Herbs incorrectly entered as 2-5%. Changed to match datasheet after 10% check.","20200122 ces: Herbs incorrectly entered as 25-50%. Changed to match datasheet after 10% check.","20200122 ces: Herbs incorrectly entered as 50-75%. Changed to match datasheet after 10% check.",NA,NA,NA,NA,NA,NA,NA,NA,NA,NA,NA,NA,NA,NA,NA,NA,NA,NA,NA,NA,NA
"9A17E94B-D1DA-4989-B974-1DCBA4B750DD","F9BFDCBA-7955-4F63-AEF6-D1CA33A52255",NA,NA,NA,NA,NA,NA,NA,"Unk shrub",NA,"Unk shrub","Unk shrub",NA,NA,NA,NA,NA,NA,NA,NA,NA,NA,NA,NA,NA,NA,NA,NA,NA,NA
"9AB57738-96E8-48D1-86E8-6A4F0D083DB5","A0D7000E-1D82-4C72-AC0D-98C29D468F72",NA,NA,NA,NA,"20191202 ces: covers incorrectly entered in 2011, reentered to match datasheet after 100% datasheet check.","20191202 ces: stem cover incorrectly entered in 2011, reentered to match datasheet after 100% datasheet check.",NA,NA,NA,NA,NA,NA,NA,NA,NA,NA,NA,NA,NA,NA,NA,NA,NA,NA,NA,NA,NA,NA,NA
"9AE1B2D8-65E4-4D3C-9081-FA624E50BBAE","6B4B9D53-A9D3-4DB1-A7DE-B57C3DA54EC8",NA,NA,NA,NA,NA,NA,"Unknown shrub",NA,NA,NA,NA,NA,NA,NA,NA,NA,NA,NA,NA,NA,NA,NA,NA,NA,NA,NA,NA,NA,NA
"9B3E442B-CAA7-402B-A2CF-83FD045BF35C","57EE4513-8D59-4833-9AA5-94584ADBC8F4",NA,NA,NA,NA,NA,NA,NA,NA,NA,NA,NA,NA,NA,NA,NA,NA,NA,NA,NA,NA,NA,NA,NA,NA,NA,NA,NA,NA,NA
"9C287C59-B904-4D3F-8A29-5F0C4E0D4D89","D8258A4D-E239-4FA1-AE7D-A2E3C4975DA1",NA,NA,NA,NA,NA,NA,NA,NA,NA,NA,NA,NA,NA,NA,NA,NA,NA,NA,NA,NA,NA,NA,NA,NA,NA,NA,NA,NA,NA
"9D6681DA-51F2-477D-8AB3-718730DDEE5E","40A60AD8-8567-4355-A3E2-1122EF29957E",NA,NA,NA,NA,NA,NA,NA,NA,NA,NA,NA,NA,NA,NA,NA,NA,NA,NA,NA,NA,NA,NA,NA,NA,NA,NA,NA,NA,NA
"9DE750D6-E740-4D79-9184-399422EA55FF","AC4CF7BF-EAF7-485F-BBDA-F35A57AD63C2",NA,NA,NA,NA,NA,"20191121 ces: lichen incorrectly entered as 0 in 2010, fixed to match datasheet after 100% datasheet check",NA,NA,NA,NA,NA,NA,NA,NA,NA,NA,NA,NA,NA,NA,NA,NA,NA,NA,NA,NA,NA,NA,NA
"9EDCA4D7-8FAF-4DA2-B743-8759AB41E367","E8864C71-AAD7-4D22-BB97-1587C93FBCFD",NA,NA,NA,NA,NA,"viola sp <1","Unknown=Shurb",NA,NA,"viola sp <1",NA,NA,NA,NA,NA,NA,NA,NA,NA,NA,NA,NA,NA,NA,NA,NA,NA,NA,NA
"9F8265F1-1A6C-435B-AD16-94BD82149913","1EABB415-60F8-4529-B553-C609E4C19D20",NA,NA,NA,NA,NA,NA,NA,NA,NA,NA,NA,NA,NA,NA,NA,NA,NA,NA,NA,NA,NA,NA,NA,NA,NA,NA,NA,NA,NA
"A0645EDE-1CFD-4C90-A05E-3BAA62B0958D","BD8AFE90-9103-4290-92A4-5CB25061BECE",NA,NA,NA,"Aristolochia ID'd by KM (no sample collected); BW thinks more likely one of the Ipomoea spp., possibly exotic, esp. since plot adjacent to disturbed area",NA,NA,NA,"ferns ID'd by KM",NA,"think Vitis sp. was V. rotundifolia (aka muscadine)","think Vitis sp. was V. rotundifolia (aka muscadine)","Gin bottle (not kidding!) covering 1-2% of quadrat",NA,NA,NA,NA,NA,NA,NA,NA,NA,NA,NA,NA,NA,NA,NA,NA,NA
"A0804BED-9CDE-4C66-BD1A-74B4C0BD52BE","1184CBA9-9754-4CFA-BDDE-5262FDD805DC",NA,NA,NA,NA,NA,NA,NA,NA,NA,NA,NA,NA,NA,NA,NA,NA,NA,NA,NA,NA,NA,NA,NA,NA,NA,NA,NA,NA,NA
"A159A353-1F5A-4BC6-A2D9-683F88E0F55D","4608BF6D-8A0D-4D76-AFBA-68FCE9EA4E5C","20191119 ces: all quad incorrectly flagged as trampled in 2009, fixed to match datasheet after 100% datasheet check.",NA,NA,NA,NA,NA,NA,NA,NA,NA,NA,NA,NA,NA,NA,NA,NA,NA,NA,NA,NA,NA,NA,NA,NA,NA,NA,NA,NA
"A1C6D5FE-E332-4406-9471-FE59D6E8266A","280F2695-9A2B-44FB-83C8-A5D3FB344F81",NA,NA,NA,NA,NA,NA,NA,NA,NA,NA,NA,NA,NA,NA,NA,NA,NA,NA,NA,NA,NA,NA,NA,NA,NA,NA,NA,NA,NA
"A1FBB66F-9EF3-431D-A19F-F3A5E2B25E60","3F0B3746-3A26-4337-B6B7-DB0C9682C7FE",NA,NA,NA,NA,NA,"20191202 ces: <1 polygonatum pubscens recorded in this quad. Deleted because not on indicator list at the time.","20191202 ces: wood incorrectly entered as 0. fixed to match datasheet after 100% datasheet check.",NA,NA,NA,NA,NA,NA,NA,NA,NA,NA,NA,NA,NA,NA,NA,NA,NA,NA,NA,NA,NA,NA
"A284001C-92CC-49B6-91AB-5CC8B7B0A0A9","CA09D480-7835-4AE4-AD03-CDE10E30A3BD",NA,NA,NA,NA,NA,NA,NA,NA,NA,NA,NA,NA,NA,NA,NA,NA,NA,NA,NA,NA,NA,NA,NA,NA,NA,NA,NA,NA,NA
"A3A5EB4E-99C0-459A-A323-34EB1A36CE62","8CEE8613-C03A-4DB4-A88B-3FB2ECB3EAEB",NA,NA,NA,NA,NA,NA,NA,NA,NA,NA,NA,NA,NA,NA,NA,NA,NA,NA,NA,NA,NA,NA,NA,NA,NA,NA,NA,NA,NA
"A3EEA9F1-C018-4380-98C8-C54880651C1C","D1AD024D-6B97-483F-B2BF-1093C701B5D4",NA,NA,NA,NA,NA,NA,NA,NA,NA,NA,NA,NA,NA,NA,NA,NA,NA,NA,NA,NA,NA,NA,NA,NA,NA,NA,NA,NA,NA
"A4D327B1-7CAD-4741-9D58-6E9CD8C3E7A3","39FC089E-A040-4ED9-8849-8A2B14FB7011",NA,NA,NA,NA,NA,NA,NA,NA,NA,NA,NA,NA,NA,NA,NA,NA,NA,NA,NA,NA,NA,NA,NA,NA,NA,NA,NA,NA,NA
"A4DDD475-2FCC-4AD5-9AC9-6C7F90C98F58","20F8E91C-6C75-4A9E-99E3-89942952A30B",NA,NA,NA,NA,NA,NA,NA,NA,NA,NA,NA,NA,NA,NA,NA,NA,NA,NA,NA,NA,NA,NA,NA,NA,NA,NA,NA,NA,NA
"A6142FA1-BE7A-418D-A03F-FD4E74907B81","AE4CCD4A-5A72-4246-9963-E495D6D45F6F",NA,"planks from wood pile in quad (about 2-5%)",NA,NA,NA,NA,NA,NA,NA,NA,NA,NA,NA,NA,NA,NA,NA,NA,NA,NA,NA,NA,NA,NA,NA,NA,NA,NA,NA
"A96B3067-85EA-44A6-81B8-0FC2AEEA4616","85CAD15D-D53F-4858-B998-930866C45EFB","Corner of quad in stream bed",NA,NA,"Stream bed in side of quad.",NA,NA,NA,NA,"Stream bed in quad.",NA,"stream bed in quad",NA,NA,NA,NA,NA,NA,NA,NA,NA,NA,NA,NA,NA,NA,NA,NA,NA,NA
"AB0B583D-4B65-4108-8BDC-EE1BC2CE0646","ACDC5A21-4EB0-4D87-BBDD-B36B21A036E4",NA,NA,NA,NA,NA,NA,NA,NA,NA,NA,NA,NA,NA,NA,NA,NA,NA,NA,NA,NA,NA,NA,NA,NA,NA,NA,NA,NA,NA
"AB232572-F2A1-4F4B-8680-FFEB05969425","204D6C7E-0BA8-4633-83A3-B959EA524E7E",NA,NA,NA,NA,NA,NA,NA,NA,NA,NA,NA,NA,NA,NA,NA,NA,NA,NA,NA,NA,NA,NA,NA,NA,NA,NA,NA,NA,NA
"ABB55BA0-723B-40B0-A1D3-D1B0FEDD1FD0","62381416-2D32-4223-B88C-6522429AC1AD",NA,NA,NA,NA,"Small washout, only sand (soil)  left.",NA,NA,NA,NA,NA,NA,NA,NA,NA,NA,NA,NA,NA,NA,NA,NA,NA,NA,NA,NA,NA,NA,NA,NA
"AC55F8A0-FBD6-43EC-9EA7-E7BBF6071B69","12E75C46-562F-4AEE-8A63-03D2DE97CC49",NA,NA,NA,NA,NA,NA,NA,NA,NA,NA,NA,NA,NA,NA,NA,NA,NA,NA,NA,NA,NA,NA,NA,NA,NA,NA,NA,NA,NA
"AE4E7CCE-0B00-47CC-B297-3301B83D7C19","45F94CF8-4A22-49EC-99FA-109013AC8E25",NA,"At 3m.","At 4m.",NA,NA,"At 3m.","At 4m.",NA,NA,"At 3m.","At 4m.",NA,NA,NA,NA,NA,NA,NA,NA,NA,NA,NA,NA,NA,NA,NA,NA,NA,NA
"AF2772B8-6069-4BF3-A986-35C8B43B3FBD","F4EB74C1-3D10-49D6-A67B-955C90AD1B7E",NA,NA,NA,NA,NA,NA,"20191211 ces: lichen cover incorrectly entered entered as 0. Fixed to match datasheet after 100% datasheet check.",NA,NA,"20191211 ces: lichen cover incorrectly entered entered as 0. Fixed to match datasheet after 100% datasheet check.",NA,"20191211 ces: lichen cover incorrectly entered entered as 0. Fixed to match datasheet after 100% datasheet check.",NA,NA,NA,NA,NA,NA,NA,NA,NA,NA,NA,NA,NA,NA,NA,NA,NA
"AFF6C2EA-0A9E-4859-B927-45D30FC7A0CD","F10F8635-55BC-4D96-BD9B-1C8F5CE25FE8",NA,"Ligustrum recorded as LIGVUL",NA,"Ligustrum recorded as LIGVUL",NA,"unknown seedling is a hardwood",NA,NA,"Ligustrum recorded as LIGVUL","unknown is a shrub
1-2 of both Lonicera sp. And Lonicera japonica",NA,NA,NA,NA,NA,NA,NA,NA,NA,NA,NA,NA,NA,NA,NA,NA,NA,NA,NA
"B1C19FC4-D11C-4180-ACB5-0E8A40FA96A9","48688355-5D32-4BA7-A11B-A188ADC65287",NA,NA,NA,NA,NA,NA,NA,NA,NA,NA,NA,NA,NA,NA,NA,NA,NA,NA,NA,NA,NA,NA,NA,NA,NA,NA,NA,NA,NA
"B21EC705-ABD4-4BC9-9EFF-9F8ED8A62381","32B45FBC-6E5B-479A-8E3F-9F2280873379",NA,NA,NA,NA,NA,NA,NA,NA,NA,NA,NA,NA,NA,NA,NA,NA,NA,NA,NA,NA,NA,NA,NA,NA,NA,NA,NA,NA,NA
"B3A671DA-F972-4AF6-B0F7-191094952D1C","BFE97AE2-F7E6-48AC-96EF-BD326A392B47",NA,NA,NA,NA,NA,NA,NA,NA,NA,NA,NA,NA,NA,NA,NA,NA,NA,NA,NA,NA,NA,NA,NA,NA,NA,NA,NA,NA,NA
"B434DD3D-9239-42F8-844C-AB9BFE376047","976311B0-7548-468A-93C2-D78D042012EB",NA,NA,NA,NA,NA,"50% quad in tree stump puddle",NA,NA,NA,NA,NA,NA,NA,NA,NA,NA,NA,NA,NA,NA,NA,NA,NA,NA,NA,NA,NA,NA,NA
"B5A2AD6A-2579-48A2-8B1C-58D763539EC9","17157A8B-A2C6-49BF-85D0-7EC86C6FF8FB",NA,NA,NA,NA,NA,"partridgeberry.",NA,NA,NA,NA,NA,NA,NA,NA,NA,NA,NA,NA,NA,NA,NA,NA,NA,NA,NA,NA,NA,NA,NA
"B5ABBDCF-88F8-408B-88FE-96455B274EC1","608C5F1C-4170-4261-A991-D2EEFD4FD018","rattlesnake <1",NA,NA,NA,NA,NA,NA,NA,"rattlesnake 1-2, saprophyte 1-2",NA,NA,NA,NA,NA,NA,NA,NA,NA,NA,NA,NA,NA,NA,NA,NA,NA,NA,NA,NA
"B65C2A7D-4185-492A-B343-AF3A29918554","A419AEC0-41A3-4D3D-A988-85A4365E17F0",NA,NA,NA,NA,NA,NA,NA,NA,NA,NA,NA,NA,NA,NA,NA,NA,NA,NA,NA,NA,NA,NA,NA,NA,NA,NA,NA,NA,NA
"B864F04C-AA73-42D1-A286-E7124750F28E","49958FEF-90B3-464A-9D56-964CD0AE1E2B",NA,NA,NA,NA,NA,"Not completely sampled due to a nest of angry bees. Data permanently missing.","Not sampled due to a nest of angry bees. Data permanently missing.",NA,NA,NA,NA,NA,NA,NA,NA,NA,NA,NA,NA,NA,NA,NA,NA,NA,NA,NA,NA,NA,NA
"B8CB5FFE-29BD-4138-8E9E-BE3616F41F3C","D5EFF491-9A4F-4245-9CF8-AA5BB35FA9C7",NA,NA,NA,NA,NA,NA,NA,NA,NA,"Unknown=woody, may be Amelanchier sp.",NA,NA,NA,NA,NA,NA,NA,NA,NA,NA,NA,NA,NA,NA,NA,NA,NA,NA,NA
"BA11D4E6-D5D5-4977-A1B9-8F61310E3566","9B5E0726-4A87-4332-B57C-512EF36ED72E",NA,NA,NA,NA,NA,"25% of quad in stream","10-25% stream in quad",NA,NA,NA,"50-75% in stream",NA,NA,NA,NA,NA,NA,NA,NA,NA,NA,NA,NA,NA,NA,NA,NA,NA,NA
"BAA96CC1-CE88-4E9C-8B7C-257FB55E498E","1C956F0F-17BE-4AD9-8B11-9EB533E15AFA",NA,NA,NA,NA,NA,NA,NA,NA,NA,NA,NA,NA,NA,NA,NA,NA,NA,NA,NA,NA,NA,NA,NA,NA,NA,NA,NA,NA,NA
"BB541311-1441-4CB7-BC18-E4608A33380C","6FC90C5B-18B6-4D8C-A276-7DEA9F82A7D3",NA,NA,NA,NA,NA,"B5, C2 and CC are all located in a streambed.",NA,NA,"B5, C2 and CC are all located in a streambed.",NA,NA,"B5, C2 and CC are all located in a streambed.",NA,NA,NA,NA,NA,NA,NA,NA,NA,NA,NA,NA,NA,NA,NA,NA,NA
"BBE278AC-300A-4D5A-9536-828120F10875","A2D5A491-C7E4-4456-9433-2E55BDBAF139",NA,NA,NA,NA,NA,NA,NA,NA,"C2 Seedling: Quercus rubra missing % cover on data sheet.",NA,NA,NA,NA,NA,NA,NA,NA,NA,NA,NA,NA,NA,NA,NA,NA,NA,NA,NA,NA
"BD085DE6-9664-4A07-8703-C05B300A264B","740461B6-640D-4088-8483-D20E37E994D1",NA,NA,NA,NA,"Quercus sp. probably Q. rubra or Q. coccinea",NA,NA,"Quercus sp. maybe Q. rubra.",NA,NA,NA,NA,NA,NA,NA,NA,NA,NA,NA,NA,NA,NA,NA,NA,NA,NA,NA,NA,NA
"BD30120C-8E78-4D2C-A0C5-F02F24F20B1B","A96049AB-0965-487C-A63A-624B820FC9F4","0",NA,NA,NA,NA,NA,NA,NA,NA,NA,NA,NA,NA,NA,NA,NA,NA,NA,NA,NA,NA,NA,NA,NA,NA,NA,NA,NA,NA
"BD5DFDFD-74DA-4C9D-BA29-329450A6353E","A45A72DA-AC1E-4BFE-91BC-8EC511C43468",NA,NA,NA,NA,NA,NA,NA,"nothing",NA,NA,NA,NA,NA,NA,NA,NA,NA,NA,NA,NA,NA,NA,NA,NA,NA,NA,NA,NA,NA
"BD7CFE64-D345-4ACC-9A13-020B0D26E48B","E431B287-30DA-404E-A33D-D23340F53C2C","-",NA,NA,NA,NA,NA,NA,NA,NA,NA,NA,NA,NA,NA,NA,NA,NA,NA,NA,NA,NA,NA,NA,NA,NA,NA,NA,NA,NA
"BE189261-9662-4203-938F-60EDC7B55F4A","B9BA8275-9AF3-4FE9-8AA8-813A32BA8AB4","20191211 ces: Reentered all quadrat data, species, and seedlings. Data entry swapped plots 6323 and 6324.","3m; 20191211 ces: Reentered all quadrat data, species, and seedlings. Data entry swapped plots 6323 and 6324.","4m; 20191211 ces: Reentered all quadrat data, species, and seedlings. Data entry swapped plots 6323 and 6324.","20191211 ces: Reentered all quadrat data, species, and seedlings. Data entry swapped plots 6323 and 6324.","20191211 ces: Reentered all quadrat data, species, and seedlings. Data entry swapped plots 6323 and 6324.","3m; 20191211 ces: Reentered all quadrat data, species, and seedlings. Data entry swapped plots 6323 and 6324.","4m; 20191211 ces: Reentered all quadrat data, species, and seedlings. Data entry swapped plots 6323 and 6324.","20191211 ces: Reentered all quadrat data, species, and seedlings. Data entry swapped plots 6323 and 6324.","20191211 ces: Reentered all quadrat data, species, and seedlings. Data entry swapped plots 6323 and 6324.","3m; 20191211 ces: Reentered all quadrat data, species, and seedlings. Data entry swapped plots 6323 and 6324.","5m; 20191211 ces: Reentered all quadrat data, species, and seedlings. Data entry swapped plots 6323 and 6324.","20191211 ces: Reentered all quadrat data, species, and seedlings. Data entry swapped plots 6323 and 6324.",NA,NA,NA,NA,NA,NA,NA,NA,NA,NA,NA,NA,NA,NA,NA,NA,NA
"BE6BF2BF-BCDA-42CA-B70E-A7B598AA404E","CF4C150F-A529-4192-BC78-75DB24A5B0B4",NA,NA,NA,NA,NA,NA,NA,NA,NA,NA,NA,NA,NA,NA,NA,NA,NA,NA,NA,NA,NA,NA,NA,NA,NA,NA,NA,NA,NA
"C003FD95-C42E-428B-B38D-B3E22CFDADDB","224B6F7A-F4D0-41A9-815B-6D6ADE8A8B0E",NA,NA,NA,NA,NA,NA,NA,NA,NA,NA,NA,NA,NA,NA,NA,NA,NA,NA,NA,NA,NA,NA,NA,NA,NA,NA,NA,NA,NA
"C0079A4E-3499-4A39-9A13-B1BE44B09AC5","FC9F43E8-5E75-40D2-9EAD-464DD7B05D05",NA,NA,NA,NA,NA,NA,NA,NA,NA,NA,NA,NA,NA,NA,NA,NA,NA,NA,NA,NA,NA,NA,NA,NA,NA,NA,NA,NA,NA
"C2B5C84B-086D-44D3-AE0D-8924C4E792B2","D6400A74-FEF6-4246-84CC-CA3800F928D1",NA,NA,NA,NA,NA,NA,NA,NA,NA,NA,NA,NA,NA,NA,NA,NA,NA,NA,NA,NA,NA,NA,NA,NA,NA,NA,NA,NA,NA
"C31CD0CA-F54C-4479-9001-264FA344F5F4","06B55527-C187-4382-A48F-5490E4EBC7C1",NA,NA,NA,NA,"in the muck","running water and muck in quad",NA,NA,"50% of quad in water/muck","50% of quad in water, fish in quad!",NA,NA,NA,NA,NA,NA,NA,NA,NA,NA,NA,NA,NA,NA,NA,NA,NA,NA,NA
"C5C328AB-5FFE-4E1F-B41C-5AD0B409E74E","91D7EFFF-217E-4B2F-A3B5-F362FDAE0478",NA,NA,NA,NA,NA,NA,"ground hornets near B8. Estimated covers from a few feet distant",NA,NA,NA,NA,NA,NA,NA,NA,NA,NA,NA,NA,NA,NA,NA,NA,NA,NA,NA,NA,NA,NA
"C5DA0D0F-CA44-4BA6-8EB8-1741CA2717FD","15E2E998-E319-4FCC-9D5A-0F4271B192E3",NA,NA,NA,NA,NA,NA,NA,NA,NA,NA,NA,NA,NA,NA,NA,NA,NA,NA,NA,NA,NA,NA,NA,NA,NA,NA,NA,NA,NA
"C6653177-B766-4E6F-A9EC-2E9CB212F4FC","C1D610FA-39CD-44A1-B489-077E7B6C048E",NA,NA,NA,NA,NA,NA,NA,NA,NA,NA,NA,NA,NA,NA,NA,NA,NA,NA,NA,NA,NA,NA,NA,NA,NA,NA,NA,NA,NA
"C960F359-7552-4886-9DA9-96F989B367D9","4D1F1EB8-5AB7-4C20-A29F-C628D9D3C9C5",NA,NA,NA,NA,NA,NA,NA,NA,NA,NA,NA,NA,NA,NA,NA,NA,NA,NA,NA,NA,NA,NA,NA,NA,NA,NA,NA,NA,NA
"C964A5E8-DDFD-4F0F-8F6E-732B82010DAA","C72B5A3A-49D7-49EE-866F-32FDB0DF9C1E",NA,NA,"Quad placed at 3.8 m due to fence",NA,NA,NA,NA,NA,NA,NA,NA,NA,NA,NA,NA,NA,NA,NA,NA,NA,NA,NA,NA,NA,NA,NA,NA,NA,NA
"C9A29F4D-68C7-4073-AF22-FC8624C2EE9B","D2784D4E-C798-4EB9-9DD6-EFEC093E6B7A","5 in of standing water in quad.","1 in of standing water in 50% of quad",NA,"6in of standing water in quad.","6in of standing water in quad.","20cm of standing water in quad.","20 cm of standing water in quad","20 cm of standing water in quad","2in of standing water in quad.",NA,"1 in of water in 50% of quad",NA,NA,NA,NA,NA,NA,NA,NA,NA,NA,NA,NA,NA,NA,NA,NA,NA,NA
"CA63F6DB-8E98-4BB6-A8BC-50E0C924B454","05DAA203-EC3A-4D79-853A-B3E5962A54D4",NA,NA,NA,NA,NA,NA,NA,NA,NA,NA,NA,NA,NA,NA,NA,NA,NA,NA,NA,NA,NA,NA,NA,NA,NA,NA,NA,NA,NA
"CA67C059-AD6E-4762-BB6F-F360E9E5FF29","6FA85C59-14B4-4355-B968-93173B1EAB49",NA,NA,NA,NA,NA,NA,"mitrep<1",NA,NA,"grass = Chasmanthium laxum",NA,NA,NA,NA,NA,NA,NA,NA,NA,NA,NA,NA,NA,NA,NA,NA,NA,NA,NA
"CBC2CB64-E806-4176-BA82-B7A27448CB5C","E1DF5FDC-DF55-43D3-BA13-CAABBF165672","deer or social trail through quadrat.",NA,NA,NA,NA,NA,NA,NA,NA,NA,NA,"deer or social trail in quadrat.",NA,NA,NA,NA,NA,NA,NA,NA,NA,NA,NA,NA,NA,NA,NA,NA,NA
"CD4C3EEE-D337-4E8C-86A7-03A72A81CDE7","BD57A8D2-2611-4CE0-AF65-27AAA6F35B99",NA,NA,NA,"nada",NA,NA,NA,NA,NA,NA,NA,NA,NA,NA,NA,NA,NA,NA,NA,NA,NA,NA,NA,NA,NA,NA,NA,NA,NA
"CD7E3094-BAFB-44CC-B13A-46EFD64CC0F1","BB6C3805-DAA7-488F-8AB8-BE058675EBE1",NA,NA,NA,NA,NA,NA,NA,NA,NA,NA,NA,NA,NA,NA,NA,NA,NA,NA,NA,NA,NA,NA,NA,NA,NA,NA,NA,NA,NA
"CE87C2DD-0923-4F7D-96CD-98345708A216","E24665A7-811A-4576-8668-49F0F92189CC",NA,NA,NA,NA,NA,NA,NA,NA,NA,NA,NA,NA,NA,NA,NA,NA,NA,NA,NA,NA,NA,NA,NA,NA,NA,NA,NA,NA,NA
"CE8BD16A-E2FF-43D4-B74F-5B6A7BB5183E","0B2F5D75-F47E-4FB5-A329-BC7C230EC65A",NA,NA,NA,NA,NA,NA,NA,NA,NA,NA,NA,NA,NA,NA,NA,NA,NA,NA,NA,NA,NA,NA,NA,NA,NA,NA,NA,NA,NA
"D0594A85-2FB1-4486-A637-277CDC98002E","AD9DFC61-DF9D-4D98-AA8E-4294954764F8",NA,NA,NA,NA,NA,NA,NA,NA,NA,NA,NA,NA,NA,NA,NA,NA,NA,NA,NA,NA,NA,NA,NA,NA,NA,NA,NA,NA,NA
"D16EE64E-5335-4C31-95B4-0BD64E297E55","F3EF1B7C-C4CC-49CA-8297-FF4DEAEF810C",NA,NA,NA,NA,NA,"washout of ravine through this quad",NA,NA,NA,"washout of ravine through this quad",NA,NA,NA,NA,NA,NA,NA,NA,NA,NA,NA,NA,NA,NA,NA,NA,NA,NA,NA
"D1FAC252-BCDB-4C8A-AFC4-6969EAE1942E","E80330C4-6831-455C-B1FD-FB42D5382D9E",NA,"At 3m.","At 4m.",NA,NA,"At 3m.","At 4m.",NA,NA,"At 3m.","At 4m.",NA,NA,NA,NA,NA,NA,NA,NA,NA,NA,NA,NA,NA,NA,NA,NA,NA,NA
"D2EE99A6-0C28-4D76-8066-E79ADAB721CE","6CE72E15-B459-426D-833B-0E007F557AD6",NA,NA,NA,NA,NA,NA,NA,NA,NA,NA,NA,NA,NA,NA,NA,NA,NA,NA,NA,NA,NA,NA,NA,NA,NA,NA,NA,NA,NA
"D406A8AC-CC08-4BE5-8C32-0199B15F5C91","65A21915-2CDE-4C93-967D-A6E2B999AB0D",NA,NA,NA,NA,NA,NA,NA,NA,NA,NA,"Falls in stream bed",NA,NA,NA,NA,NA,NA,NA,NA,NA,NA,NA,NA,NA,NA,NA,NA,NA,NA
"D42C10B1-CF9E-4849-B7F2-551AE2AE398B","C4FD6906-FE77-46AE-BFD6-32CD3CB53D45",NA,NA,"deer trail through quad",NA,NA,NA,"deer trail through quad",NA,NA,NA,NA,NA,NA,NA,NA,NA,NA,NA,NA,NA,NA,NA,NA,NA,NA,NA,NA,NA,NA
"D46A9D90-3D5D-48C1-A6EF-EA021073C48A","06FDB1BB-1BFC-4842-9C2C-FF21A1C13FD7",NA,NA,NA,"Near tip-up mound (tree#6574) and boulder",NA,NA,NA,NA,NA,"Almost all the vegetation is growing on large boulder and large CWD (suspended above ground) that is approx. 1.5-2m above the ground.",NA,NA,NA,NA,NA,NA,NA,NA,NA,NA,NA,NA,NA,NA,NA,NA,NA,NA,NA
"D48EC4F8-FF75-45DC-B24B-D20C7FF88CE7","C16751C7-0BD7-4706-A1E8-C66EE76DE626",NA,NA,NA,NA,NA,NA,NA,NA,NA,NA,"20150222 CES - filled in blank in C8 Stem with 0% from datasheets.",NA,NA,NA,NA,NA,NA,NA,NA,NA,NA,NA,NA,NA,NA,NA,NA,NA,NA
"D7720C53-9736-4FBD-A7B9-D7E12AD798C4","F535EB69-FF8F-41D7-97DC-97C2F62B4086",NA,NA,NA,NA,NA,NA,NA,NA,NA,NA,NA,NA,NA,NA,NA,NA,NA,NA,NA,NA,NA,NA,NA,NA,NA,NA,NA,NA,NA
"D7808221-77E9-472D-9FA7-160C9ABEE10B","492A8301-6C09-440D-9C38-2CA073759F6D",NA,NA,NA,NA,NA,NA,NA,NA,NA,NA,NA,NA,NA,NA,NA,NA,NA,NA,NA,NA,NA,NA,NA,NA,NA,NA,NA,NA,NA
"D7BA4DFF-9FB6-4D59-B279-513DB8B66E77","9294558E-F11B-42E1-8D47-44AC3C5C01CA","20191202 ces: trampled incorrectly not checked in 2011. Fixed to match datasheet after 100% datasheet check.","20191202 ces: trampled incorrectly not checked in 2011. Fixed to match datasheet after 100% datasheet check.","20191202 ces: trampled incorrectly not checked in 2011. Fixed to match datasheet after 100% datasheet check.","20191202 ces: trampled incorrectly not checked in 2011. Fixed to match datasheet after 100% datasheet check.","20191202 ces: trampled incorrectly not checked in 2011. Fixed to match datasheet after 100% datasheet check.","20191202 ces: trampled incorrectly not checked in 2011. Fixed to match datasheet after 100% datasheet check.",NA,NA,NA,NA,NA,NA,NA,NA,NA,NA,NA,NA,NA,NA,NA,NA,NA,NA,NA,NA,NA,NA,NA
"D81E9C9D-770E-4382-BFB9-CAA214242173","CE86A14C-3E37-4223-B385-BC66955447E7",NA,NA,NA,NA,NA,NA,NA,NA,NA,NA,NA,NA,NA,NA,NA,NA,NA,NA,NA,NA,NA,NA,NA,NA,NA,NA,NA,NA,NA
"D869ABAB-2AA7-4A23-AE43-D9393ADDB2DC","2BB50176-6CC8-4FED-99D8-50DE098D5A68",NA,NA,NA,NA,NA,NA,NA,NA,NA,NA,NA,NA,NA,NA,NA,NA,NA,NA,NA,NA,NA,NA,NA,NA,NA,NA,NA,NA,NA
"D9F0DA55-1667-4B31-979F-F43C401D6D65","BB7516A4-FF49-48A8-A1B7-A13454307D5A",NA,NA,NA,NA,NA,NA,NA,NA,NA,NA,NA,NA,NA,NA,NA,NA,NA,NA,NA,NA,NA,NA,NA,NA,NA,NA,NA,NA,NA
"DA5655C7-04AE-42C5-BEF4-C8E4981C4098","49437EE9-7CD2-4F82-9A55-F987B8D57C02",NA,NA,NA,NA,NA,NA,NA,NA,NA,NA,NA,NA,NA,NA,NA,NA,NA,NA,NA,NA,NA,NA,NA,NA,NA,NA,NA,NA,NA
"DB513101-E6EF-468A-9AF3-DCC5BCEBFE0C","5144ED1B-DA32-4980-994A-4E0901732ED2",NA,NA,NA,NA,NA,NA,NA,NA,NA,NA,NA,NA,NA,NA,NA,NA,NA,NA,NA,NA,NA,NA,NA,NA,NA,NA,NA,NA,NA
"DC6B89A0-0E17-4A81-AF99-510CA87B546B","1E9E275A-AF21-4637-9DC5-8FAA26A3D7D8",NA,NA,NA,NA,NA,NA,NA,NA,NA,NA,NA,NA,NA,NA,NA,NA,NA,NA,NA,NA,NA,NA,NA,NA,NA,NA,NA,NA,NA
"DD20CBAD-463F-4170-96A8-77E10373E6C1","2C98A75B-D453-4857-9FD1-4F0A7933D7C2",NA,NA,NA,NA,NA,NA,"quad 100% in stream bed. No standing water but moist.",NA,NA,"partly in stream bed, around 50% in stream",NA,"partly in stream bed, around 50% in stream",NA,NA,NA,NA,NA,NA,NA,NA,NA,NA,NA,NA,NA,NA,NA,NA,NA
"DE1B72BF-DB6D-4006-B9B2-2CE446FD9655","532D18CD-AA3A-40F4-9869-DF22C10282A0",NA,NA,NA,NA,NA,NA,NA,NA,NA,NA,NA,"sweetbay in plot",NA,NA,NA,NA,NA,NA,NA,NA,NA,NA,NA,NA,NA,NA,NA,NA,NA
"DF316039-46A0-45BB-8F14-618DB83C5BDE","9FB0E0EE-B3F0-432F-A5E3-BD5FF56AC678",NA,NA,NA,NA,NA,NA,NA,NA,NA,NA,NA,NA,NA,NA,NA,NA,NA,NA,NA,NA,NA,NA,NA,NA,NA,NA,NA,NA,NA
"DFC5D0C7-4498-4EDE-8390-73B74326958A","D60046A0-2A53-464E-998C-151F7E07A7CC","A2 herb cover permanently missing. 20170301 CES",NA,NA,NA,NA,NA,NA,NA,NA,NA,NA,NA,NA,NA,NA,NA,NA,NA,NA,NA,NA,NA,NA,NA,NA,NA,NA,NA,NA
"E0457507-B9FC-47F3-B73F-DDED10785B9B","D125FCD2-82FA-4CE7-A0CA-5CBFB08B608C",NA,NA,NA,NA,NA,NA,NA,NA,NA,NA,NA,NA,NA,NA,NA,NA,NA,NA,NA,NA,NA,NA,NA,NA,NA,NA,NA,NA,NA
"E04FD9FB-9C2C-4FAB-B948-8812FF67A6C8","C4C73225-3147-4E69-8487-A7B64F3DD078","pink ladyslipper","Pink ladyslipper",NA,"lichens 2-5","Pine orchid",NA,NA,NA,NA,NA,NA,NA,NA,NA,NA,NA,NA,NA,NA,NA,NA,NA,NA,NA,NA,NA,NA,NA,NA
"E0A77F1E-1858-49C6-8030-3384A87ED6A8","0AFF9900-ABDA-46D7-A3F3-31EFD8FB63FE",NA,NA,NA,NA,NA,NA,NA,NA,NA,NA,NA,NA,NA,NA,NA,NA,NA,NA,NA,NA,NA,NA,NA,NA,NA,NA,NA,NA,NA
"E0C168B1-AAC5-435C-A515-D84EDAB2A7F6","4AFF9643-1906-4145-B5AE-584576553C5B",NA,NA,NA,"2-5% metal trash: engine?",NA,NA,"25-50% glass and metallic trash",NA,NA,NA,NA,NA,NA,NA,NA,NA,NA,NA,NA,NA,NA,NA,NA,NA,NA,NA,NA,NA,NA
"E0EE9600-6F61-4B62-BF1D-EF90EAE33042","14F52DDA-508B-4D77-9623-98EB2E6A414D","Ribes missouri 1-2",NA,NA,NA,NA,NA,"Ribes missouri 5-10","Ribes missouri 5-10","Ribes missouri 1-2",NA,NA,NA,NA,NA,NA,NA,NA,NA,NA,NA,NA,NA,NA,NA,NA,NA,NA,NA,NA
"E24D6D19-6902-4BBB-AA5D-8910FA344A49","CC65462A-5646-497A-A880-B3DD6144A95C",NA,NA,"20191206 ces: covers for A8 and AA herbs were swapped in 2012. FIxed to match datasheets after 100% datasheet check.","20191206 ces: covers for A8 and AA herbs were swapped in 2012. FIxed to match datasheets after 100% datasheet check.",NA,NA,NA,NA,NA,NA,NA,NA,NA,NA,NA,NA,NA,NA,NA,NA,NA,NA,NA,NA,NA,NA,NA,NA,NA
"E3069C07-D5FD-463E-9684-12BDEA81E56F","9773A003-BB96-437F-8564-1491A9399311",NA,NA,NA,NA,NA,NA,NA,NA,NA,NA,NA,NA,NA,NA,NA,NA,NA,NA,NA,NA,NA,NA,NA,NA,NA,NA,NA,NA,NA
"E30FA5ED-5AE7-44CA-B8A8-0B6A16284890","5DBFE00D-3B09-4403-A19B-01099653A698",NA,NA,NA,NA,NA,NA,NA,NA,NA,NA,NA,NA,NA,NA,NA,NA,NA,NA,NA,NA,NA,NA,NA,NA,NA,NA,NA,NA,NA
"E3ACAFA5-A8B6-4987-86DA-8E0F0601E22F","39DA621F-AB84-4424-B004-5B0D2A05F662",NA,NA,NA,"20191114 ces - change B8 from 0 to <1 after 100% datasheet check to match datasheet.",NA,NA,NA,NA,NA,NA,NA,NA,NA,NA,NA,NA,NA,NA,NA,NA,NA,NA,NA,NA,NA,NA,NA,NA,NA
"E46E48BC-21B2-468F-8993-2D6D30428CFD","09AEDF52-7ACA-4C44-A780-87225984BF59",NA,NA,NA,NA,NA,NA,NA,NA,NA,NA,NA,NA,NA,NA,NA,NA,NA,NA,NA,NA,NA,NA,NA,NA,NA,NA,NA,NA,NA
"E504141B-0641-4FF9-9B58-5FF977DF9497","1D1E151D-DE78-42F7-A2CF-A222874897D8",NA,NA,NA,NA,NA,NA,NA,NA,NA,NA,NA,NA,NA,NA,NA,NA,NA,NA,NA,NA,NA,NA,NA,NA,NA,NA,NA,NA,NA
"E50EAC9F-E808-470A-B55F-016F393883B4","44D06227-1C7E-4256-BEBA-33FB7187DD92","Corner of quad in stream.",NA,NA,"corner of quad in stream",NA,NA,NA,NA,NA,NA,NA,NA,NA,NA,NA,NA,NA,NA,NA,NA,NA,NA,NA,NA,NA,NA,NA,NA,NA
"E51667F4-2643-4DDF-A4A0-AD31037A97C6","931578EB-9FCB-430D-8F4C-987338BF5646",NA,NA,NA,NA,NA,NA,NA,NA,NA,NA,NA,NA,NA,NA,NA,NA,NA,NA,NA,NA,NA,NA,NA,NA,NA,NA,NA,NA,NA
"E58C7D5A-49AB-41D3-A211-5D15E2FCB9AC","28A03926-AE51-4E30-9054-7EBF64CC7C6C",NA,NA,NA,NA,NA,NA,NA,NA,NA,NA,NA,"trampled by crew",NA,NA,NA,NA,NA,NA,NA,NA,NA,NA,NA,NA,NA,NA,NA,NA,NA
"E63AB41B-5632-4D73-9AF0-32CAC5257E0C","6C9D0F60-6BE2-4CEE-B47B-176DF2301F19",NA,NA,NA,NA,NA,NA,NA,NA,NA,NA,NA,NA,NA,NA,NA,NA,NA,NA,NA,NA,NA,NA,NA,NA,NA,NA,NA,NA,NA
"E8052990-C0F1-43B3-89E8-B2B3FC2AC604","8AFEC365-CDD4-46EB-86BB-BA1796653B64",NA,"blackberry 75-95",NA,NA,NA,NA,NA,NA,NA,"blackberry 25-50",NA,NA,NA,NA,NA,NA,NA,NA,NA,NA,NA,NA,NA,NA,NA,NA,NA,NA,NA
"E821EA8D-C4B5-45A8-9EDF-E3FB3D9E9242","7A870C08-9B9A-43B6-A148-06540F4569B6",NA,NA,NA,NA,NA,NA,NA,NA,NA,NA,NA,NA,NA,NA,NA,NA,NA,NA,NA,NA,NA,NA,NA,NA,NA,NA,NA,NA,NA
"E95D275F-80A7-414A-8B01-627DC452CF1D","2C3EAF7F-B081-4E81-BEC5-D5F1D171AB1A",NA,NA,NA,NA,NA,NA,NA,NA,NA,NA,NA,NA,NA,NA,NA,NA,NA,NA,NA,NA,NA,NA,NA,NA,NA,NA,NA,NA,NA
"E966DD8D-7D77-4566-A5D8-22D934A5A0D6","ADECEFB8-6ECF-48EC-82E4-C59A9F336A9B",NA,NA,NA,NA,NA,NA,NA,NA,NA,NA,NA,NA,NA,NA,NA,NA,NA,NA,NA,NA,NA,NA,NA,NA,NA,NA,NA,NA,NA
"EA4E1DAC-41C0-4B53-96EA-6DDE27DB4B82","5BAA1AF9-8A5F-441A-805A-B18742A1765E",NA,"Vaccinium sp. 0.1-1% possibly V. tenellum",NA,NA,NA,NA,NA,NA,NA,NA,NA,NA,NA,NA,NA,NA,NA,NA,NA,NA,NA,NA,NA,NA,NA,NA,NA,NA,NA
"EC224064-817A-4C39-BC2B-E0C82CF5CB7E","B94FB915-33FF-4F5B-9833-B5BA79B2333D",NA,NA,NA,NA,NA,NA,NA,NA,NA,NA,NA,NA,NA,NA,NA,NA,NA,NA,NA,NA,NA,NA,NA,NA,NA,NA,NA,NA,NA
"ED1CBEC7-740F-4A91-BF9A-3336AD864AE0","8A03391D-F8EE-41D7-8EB0-FC51E6475E72",NA,NA,NA,NA,NA,NA,NA,"20191125 ces: rock cover class incorrectly entered as <1 in 2010. Fixed to match datasheets after 100% datasheet check.",NA,NA,NA,NA,NA,NA,NA,NA,NA,NA,NA,NA,NA,NA,NA,NA,NA,NA,NA,NA,NA
"EE3476FA-CC01-47CC-9A01-87A110F4D838","28429CD0-BD4B-4B0B-8825-C00F3C4F2474",NA,NA,NA,NA,NA,NA,NA,NA,NA,NA,NA,NA,NA,NA,NA,NA,NA,NA,NA,NA,NA,NA,NA,NA,NA,NA,NA,NA,NA
"EE66F65F-F87E-4B61-84AA-02348E074721","B21E7066-9EBC-46C5-AF99-B3A3AEFF854C","Borage (possibly non-native)",NA,NA,NA,NA,NA,NA,NA,NA,NA,NA,NA,NA,NA,NA,NA,NA,NA,NA,NA,NA,NA,NA,NA,NA,NA,NA,NA,NA
"EE866126-37D3-481A-A15D-455458392197","C90D2826-CF4F-4A6A-A420-A133291E7DAB",NA,NA,NA,NA,NA,NA,NA,NA,NA,NA,NA,NA,NA,NA,NA,NA,NA,NA,NA,NA,NA,NA,NA,NA,NA,NA,NA,NA,NA
"EED41AC4-C9FE-4CB3-A939-1792E3A25BBD","82B682D7-2BDD-4B02-B635-8148D842F91A",NA,NA,NA,"20191115: changed AA stem from <1 to 0 to match datasheet after 100% datasheet check.",NA,NA,NA,NA,NA,NA,NA,NA,NA,NA,NA,NA,NA,NA,NA,NA,NA,NA,NA,NA,NA,NA,NA,NA,NA
"EEE817C6-F7A3-4211-ABE1-640472FA4E76","361EFA0B-6158-4FCE-8BDB-1B07C0FF64A0",NA,NA,NA,NA,NA,NA,NA,NA,NA,NA,NA,NA,NA,NA,NA,NA,NA,NA,NA,NA,NA,NA,NA,NA,NA,NA,NA,NA,NA
"EEF087CB-B90A-40C5-80F6-D5EE60ABFA48","E66CE483-12B9-4149-B135-883D634EFE6E",NA,"quad in trail",NA,NA,NA,NA,NA,NA,NA,NA,NA,NA,NA,NA,NA,NA,NA,NA,NA,NA,NA,NA,NA,NA,NA,NA,NA,NA,NA
"EF9C1676-DC60-4A7F-9871-33F4954DD3C7","6C4F1D02-4812-4E24-B058-8B20E7B8C98F",NA,NA,NA,NA,NA,NA,NA,NA,NA,NA,NA,NA,NA,NA,NA,NA,NA,NA,NA,NA,NA,NA,NA,NA,NA,NA,NA,NA,NA
"F0844AC1-35A3-4449-BE6F-FE17A68A8B2E","B9423320-DD88-4A2D-B23E-7030CA52F351",NA,NA,NA,NA,NA,NA,NA,NA,NA,NA,NA,NA,NA,NA,NA,NA,NA,NA,NA,NA,NA,NA,NA,NA,NA,NA,NA,NA,NA
"F0A9F44C-616B-4778-BCB3-E68B38176C51","4CD018CE-2A88-4630-91E8-268397029B57",NA,NA,NA,NA,NA,NA,NA,NA,NA,"in small stream",NA,NA,NA,NA,NA,NA,NA,NA,NA,NA,NA,NA,NA,NA,NA,NA,NA,NA,NA
"F1A09337-7F9F-4136-B8E2-8BA5CF4871AA","A67E9B17-B5B1-4086-B923-29EE8314BD6E",NA,NA,NA,NA,"Tip up mound",NA,NA,NA,NA,NA,NA,NA,NA,NA,NA,NA,NA,NA,NA,NA,NA,NA,NA,NA,NA,NA,NA,NA,NA
"F1ADE110-8D43-45E6-8184-38CC267173F7","B351FFD5-DAB5-4F6A-BC58-C0BEFFFAA67C",NA,NA,NA,NA,NA,NA,NA,NA,NA,NA,NA,NA,NA,NA,NA,NA,NA,NA,NA,NA,NA,NA,NA,NA,NA,NA,NA,NA,NA
"F2C9C718-09EF-4A12-BBCA-B1D787BD18D8","5B4E98DD-60C9-4585-B10F-5F25D6595C9A",NA,NA,NA,NA,NA,NA,NA,NA,NA,NA,NA,NA,NA,NA,NA,NA,NA,NA,NA,NA,NA,NA,NA,NA,NA,NA,NA,NA,NA
"F2D4CA3F-87AA-418B-B7A5-A3CBB4FA5A85","F4C6EC99-B5CA-4F70-A121-3B218819FF10",NA,NA,NA,NA,NA,NA,NA,NA,NA,NA,NA,NA,NA,NA,NA,NA,NA,NA,NA,NA,NA,NA,NA,NA,NA,NA,NA,NA,NA
"F40E9D36-27E7-41CC-8E60-E95BDF55B7EC","F42BFD48-97F5-478C-8AD1-BD588C225A13",NA,NA,NA,NA,NA,NA,NA,NA,NA,NA,NA,NA,NA,NA,NA,NA,NA,NA,NA,NA,NA,NA,NA,NA,NA,NA,NA,NA,NA
"F443D515-913E-4685-A1A6-E3B48EC12673","39D32FF5-5B78-47AE-B9FC-166330C1A9E9",NA,NA,NA,NA,NA,NA,NA," 'unknown woody' on datasheet entered as seedling",NA,NA,NA,NA,NA,NA,NA,NA,NA,NA,NA,NA,NA,NA,NA,NA,NA,NA,NA,NA,NA
"F6B42046-1AF4-46F8-8952-397491BB58BB","3273D268-CD7A-4669-958A-4F45DCAA4955",NA,NA,NA,NA,NA,NA,NA,NA,NA,NA,NA,NA,NA,NA,NA,NA,NA,NA,NA,NA,NA,NA,NA,NA,NA,NA,NA,NA,NA
"F6E62822-49F6-4FC6-8C5F-E36FF3CEFD1E","3C279BCA-08F9-49A8-B4AF-F3C7E9166505",NA,NA,NA,NA,NA,NA,NA,NA,NA,NA,NA,NA,NA,NA,NA,NA,NA,NA,NA,NA,NA,NA,NA,NA,NA,NA,NA,NA,NA
"F722991C-B048-4FCF-9306-3B7A893A6EE7","DF136BCD-8639-4D52-8835-ED631B34B195","20191202 ces: lichen incorrectly entered with Herb cover classes. Reentered with correct values after 100% datasheet check.",NA,NA,NA,NA,NA,NA,NA,NA,NA,NA,NA,NA,NA,NA,NA,NA,NA,NA,NA,NA,NA,NA,NA,NA,NA,NA,NA,NA
"F7547541-DE57-45D0-BC0A-819DEBA0E90A","3A264DF5-4892-4A62-8A97-CC00A18DBBE2",NA,NA,NA,NA,NA,NA,NA,NA,NA,NA,NA,NA,NA,NA,NA,NA,NA,NA,NA,NA,NA,NA,NA,NA,NA,NA,NA,NA,NA
"F7737A7E-E051-4082-B04F-93C7D6EB05AB","77B3A97A-F9D1-46E6-AC1D-43E2FAA32798",NA,NA,NA,NA,NA,NA,NA,NA,NA,NA,NA,NA,NA,NA,NA,NA,NA,NA,NA,NA,NA,NA,NA,NA,NA,NA,NA,NA,NA
"FA3BBDF5-AB05-4BAF-AD63-F4CBF6650447","70FF159E-61D6-4D6E-B595-258158014587",NA,NA,NA,NA,NA,NA,"quad in tral, whole quadrat trampled",NA,NA,NA,"half of quadrat trampled, on trail",NA,NA,NA,NA,NA,NA,NA,NA,NA,NA,NA,NA,NA,NA,NA,NA,NA,NA
"FA7859DF-182E-438A-9E20-76C0661717E0","4129DAAF-BF9C-4633-9BC7-2C232C819357",NA,NA,NA,NA,NA,NA,NA,"large suspended cwd over quad",NA,NA,NA,NA,NA,NA,NA,NA,NA,NA,NA,NA,NA,NA,NA,NA,NA,NA,NA,NA,NA
"FB199F5E-65B1-41C0-8EA9-4064DCBB6349","D137EF93-77FF-44C6-A459-F9A303D4E105",NA,NA,NA,NA,NA,NA,NA,NA,NA,NA,NA,NA,NA,NA,NA,NA,NA,NA,NA,NA,NA,NA,NA,NA,NA,NA,NA,NA,NA
"FB4A1585-FED9-4B45-94C9-F519A4673F55","E1773685-78D0-44E5-984C-0C4252D318BB",NA,"Gallium: <1","Gallium: <1","Galium:1-2",NA,NA,NA,NA,"Gallium: <1",NA,"Gallium: <1",NA,NA,NA,NA,NA,NA,NA,NA,NA,NA,NA,NA,NA,NA,NA,NA,NA,NA
"FCBFFAD9-B363-4BC7-AF1D-9F3671E5E2B0","053A8516-6F9F-4525-A03E-C8E420919B57",NA,NA,NA,NA,"sedge 1-2% was Carex sp.",NA,NA,"sedge 5-10% was non-Carex sedge","sedge 0.1-1% was Carex sp.","sedge 2-5% was Carex sp.","sedge 1-2% was non-Carex sedge",NA,NA,NA,NA,NA,NA,NA,NA,NA,NA,NA,NA,NA,NA,NA,NA,NA,NA
"FE065904-2DE9-4A27-9A6E-AF191B6D11B2","991B2194-F921-4E22-A08F-46932B845F31",NA,NA,NA,NA,NA,NA,NA,NA,NA,NA,NA,NA,NA,NA,NA,NA,NA,NA,NA,NA,NA,NA,NA,NA,NA,NA,NA,NA,NA
"FE7A143A-6E52-46FC-ADB2-CC883440E4D3","34B27749-8656-49A2-B233-9846CC7260E1",NA,NA,NA,NA,NA,NA,NA,"lichen 1-2",NA,NA,NA,NA,NA,NA,NA,NA,NA,NA,NA,NA,NA,NA,NA,NA,NA,NA,NA,NA,NA
"FF4C3ACE-7CD0-4500-B373-8ACE59EB0E8E","C6E0333E-30E9-49B8-BAA5-D51C1F68AC30",NA,NA,NA,NA,NA,NA,NA,NA,NA,NA,NA,NA,NA,NA,NA,NA,NA,NA,NA,NA,NA,NA,NA,NA,NA,NA,NA,NA,NA
"FF69ACD8-E4D3-4CEB-A55F-98D6F4E97D97","E5D8ADEF-7EFC-44EC-891C-484E78E2E8FF",NA,NA,NA,NA,NA,NA,NA,NA,NA,NA,NA,NA,NA,NA,NA,NA,NA,NA,NA,NA,NA,NA,NA,NA,NA,NA,NA,NA,NA
"FFE1303E-3A73-4A81-A52F-5B7B512D5465","506B4C35-85BD-4ADE-8375-6963D575A505",NA,NA,NA,NA,NA,NA,NA,NA,NA,NA,NA,NA,NA,NA,NA,NA,NA,NA,NA,NA,NA,NA,NA,NA,NA,NA,NA,NA,NA
